1643745119916,1139,Request-0,204,No Content,Thread Group 1-1,,true,412,1,1,0
1643745121056,1123,Request-0,204,No Content,Thread Group 1-1,,true,412,1,1,0
1643745122180,1121,Request-0,204,No Content,Thread Group 1-1,,true,412,1,1,0
1643745123302,1116,Request-0,204,No Content,Thread Group 1-1,,true,412,1,1,0
1643745124420,1121,Request-0,204,No Content,Thread Group 1-1,,true,412,1,1,0
1643745125544,1112,Request-0,204,No Content,Thread Group 1-1,,true,412,1,1,0
1643745126658,1114,Request-0,204,No Content,Thread Group 1-1,,true,412,1,1,0
1643745127774,1121,Request-0,204,No Content,Thread Group 1-1,,true,412,1,1,0
1643745128897,1110,Request-0,204,No Content,Thread Group 1-1,,true,412,1,1,0
1643745130009,1123,Request-0,204,No Content,Thread Group 1-1,,true,412,1,1,0
1643745131135,1126,Request-0,204,No Content,Thread Group 1-1,,true,412,1,1,0
1643745132264,1125,Request-0,204,No Content,Thread Group 1-1,,true,412,1,1,0
1643745133392,1122,Request-0,204,No Content,Thread Group 1-1,,true,412,1,1,0
1643745134516,1113,Request-0,204,No Content,Thread Group 1-1,,true,412,1,1,0
1643745135632,1116,Request-0,204,No Content,Thread Group 1-1,,true,412,1,1,0
1643745136751,1115,Request-0,204,No Content,Thread Group 1-1,,true,412,1,1,0
1643745137869,1124,Request-0,204,No Content,Thread Group 1-1,,true,412,1,1,0
1643745138996,1128,Request-0,204,No Content,Thread Group 1-1,,true,412,1,1,0
1643745140126,1116,Request-0,204,No Content,Thread Group 1-1,,true,412,1,1,0
1643745141245,1117,Request-0,204,No Content,Thread Group 1-1,,true,412,1,1,0
1643745142366,1129,Request-0,204,No Content,Thread Group 1-1,,true,412,1,1,0
1643745143497,1123,Request-0,204,No Content,Thread Group 1-1,,true,412,1,1,0
1643745144623,1127,Request-0,204,No Content,Thread Group 1-1,,true,412,1,1,0
1643745145753,1126,Request-0,204,No Content,Thread Group 1-1,,true,412,1,1,0
1643745146883,1116,Request-0,204,No Content,Thread Group 1-1,,true,412,1,1,0
1643745148004,1117,Request-0,204,No Content,Thread Group 1-1,,true,412,1,1,0
1643745149125,1129,Request-0,204,No Content,Thread Group 1-1,,true,412,1,1,0
1643745150258,1124,Request-0,204,No Content,Thread Group 1-1,,true,412,1,1,0
1643745151386,1126,Request-0,204,No Content,Thread Group 1-1,,true,412,1,1,0
1643745152516,1124,Request-0,204,No Content,Thread Group 1-1,,true,412,1,1,0
1643745153644,1128,Request-0,204,No Content,Thread Group 1-1,,true,412,1,1,0
1643745154776,1116,Request-0,204,No Content,Thread Group 1-1,,true,412,1,1,0
1643745155896,1125,Request-0,204,No Content,Thread Group 1-1,,true,412,1,1,0
1643745157024,1129,Request-0,204,No Content,Thread Group 1-1,,true,412,1,1,0
1643745158156,1116,Request-0,204,No Content,Thread Group 1-1,,true,412,1,1,0
1643745159278,1118,Request-0,204,No Content,Thread Group 1-1,,true,412,1,1,0
1643745160401,1111,Request-0,204,No Content,Thread Group 1-1,,true,412,1,1,0
1643745161516,1118,Request-0,204,No Content,Thread Group 1-1,,true,412,1,1,0
1643745162639,1114,Request-0,204,No Content,Thread Group 1-1,,true,412,1,1,0
1643745163757,1122,Request-0,204,No Content,Thread Group 1-1,,true,412,1,1,0
1643745164884,5131,Request-1,204,No Content,Thread Group 1-1,,true,412,1,1,0
1643745170019,5126,Request-1,204,No Content,Thread Group 1-1,,true,412,1,1,0
1643745175149,5128,Request-1,204,No Content,Thread Group 1-1,,true,412,1,1,0
1643745180282,5123,Request-1,204,No Content,Thread Group 1-1,,true,412,1,1,0
1643745185411,5130,Request-1,204,No Content,Thread Group 1-1,,true,412,1,1,0
1643745190545,5119,Request-1,204,No Content,Thread Group 1-1,,true,412,1,1,0
1643745195668,5136,Request-1,204,No Content,Thread Group 1-1,,true,412,1,1,0
1643745200808,5123,Request-1,204,No Content,Thread Group 1-1,,true,412,1,1,0
1643745205936,5121,Request-1,204,No Content,Thread Group 1-1,,true,412,1,1,0
1643745211061,5118,Request-1,204,No Content,Thread Group 1-1,,true,412,1,1,0
1643745216183,5134,Request-1,204,No Content,Thread Group 1-1,,true,412,1,1,0
1643745221322,5135,Request-1,204,No Content,Thread Group 1-1,,true,412,1,1,0
1643745226460,5127,Request-1,204,No Content,Thread Group 1-1,,true,412,1,1,0
1643745231592,5127,Request-1,204,No Content,Thread Group 1-1,,true,412,1,1,0
1643745236724,5124,Request-1,204,No Content,Thread Group 1-1,,true,412,1,1,0
1643745241853,5125,Request-1,204,No Content,Thread Group 1-1,,true,412,1,1,0
1643745246984,5122,Request-1,204,No Content,Thread Group 1-1,,true,412,1,1,0
1643745252111,5128,Request-1,204,No Content,Thread Group 1-1,,true,412,1,1,0
1643745257243,5120,Request-1,204,No Content,Thread Group 1-1,,true,412,1,1,0
1643745262366,5131,Request-1,204,No Content,Thread Group 1-1,,true,412,1,1,0
1643745267501,5126,Request-1,204,No Content,Thread Group 1-1,,true,412,1,1,0
1643745272631,5124,Request-1,204,No Content,Thread Group 1-1,,true,412,1,1,0
1643745277760,5129,Request-1,204,No Content,Thread Group 1-1,,true,412,1,1,0
1643745282892,5119,Request-1,204,No Content,Thread Group 1-1,,true,412,1,1,0
1643745288015,5125,Request-1,204,No Content,Thread Group 1-1,,true,412,1,1,0
1643745293145,5130,Request-1,204,No Content,Thread Group 1-1,,true,412,1,1,0
1643745298279,5116,Request-1,204,No Content,Thread Group 1-1,,true,412,1,1,0
1643745303398,5132,Request-1,204,No Content,Thread Group 1-1,,true,412,1,1,0
1643745308534,5134,Request-1,204,No Content,Thread Group 1-1,,true,412,1,1,0
1643745313673,5136,Request-1,204,No Content,Thread Group 1-1,,true,412,1,1,0
1643745318813,5129,Request-1,204,No Content,Thread Group 1-1,,true,412,1,1,0
1643745323946,5475,Request-1,204,No Content,Thread Group 1-1,,true,412,1,1,0
1643745329425,5135,Request-1,204,No Content,Thread Group 1-1,,true,412,1,1,0
1643745334565,5124,Request-1,204,No Content,Thread Group 1-1,,true,412,1,1,0
1643745339692,5132,Request-1,204,No Content,Thread Group 1-1,,true,412,1,1,0
1643745344830,5127,Request-1,204,No Content,Thread Group 1-1,,true,412,1,1,0
1643745349961,5132,Request-1,204,No Content,Thread Group 1-1,,true,412,1,1,0
1643745355097,5133,Request-1,204,No Content,Thread Group 1-1,,true,412,1,1,0
1643745360235,5131,Request-1,204,No Content,Thread Group 1-1,,true,412,1,1,0
1643745365371,5130,Request-1,204,No Content,Thread Group 1-1,,true,412,1,1,0
1643745370506,10122,Request-2,204,No Content,Thread Group 1-1,,true,412,1,1,0
1643745380632,10129,Request-2,204,No Content,Thread Group 1-1,,true,412,1,1,0
1643745390765,10130,Request-2,204,No Content,Thread Group 1-1,,true,412,1,1,0
1643745400901,10128,Request-2,204,No Content,Thread Group 1-1,,true,412,1,1,0
1643745411034,10133,Request-2,204,No Content,Thread Group 1-1,,true,412,1,1,0
1643745421172,10129,Request-2,204,No Content,Thread Group 1-1,,true,412,1,1,0
1643745431306,10145,Request-2,204,No Content,Thread Group 1-1,,true,412,1,1,0
1643745441455,10136,Request-2,204,No Content,Thread Group 1-1,,true,412,1,1,0
1643745451595,10137,Request-2,204,No Content,Thread Group 1-1,,true,412,1,1,0
1643745461735,10120,Request-2,204,No Content,Thread Group 1-1,,true,412,1,1,0
1643745471861,10133,Request-2,204,No Content,Thread Group 1-1,,true,412,1,1,0
1643745481999,10129,Request-2,204,No Content,Thread Group 1-1,,true,412,1,1,0
1643745492133,10134,Request-2,204,No Content,Thread Group 1-1,,true,412,1,1,0
1643745502270,10135,Request-2,204,No Content,Thread Group 1-1,,true,412,1,1,0
1643745512410,10127,Request-2,204,No Content,Thread Group 1-1,,true,412,1,1,0
1643745522541,10134,Request-2,204,No Content,Thread Group 1-1,,true,412,1,1,0
1643745532679,10138,Request-2,204,No Content,Thread Group 1-1,,true,412,1,1,0
1643745542822,10128,Request-2,204,No Content,Thread Group 1-1,,true,412,1,1,0
1643745552954,10130,Request-2,204,No Content,Thread Group 1-1,,true,412,1,1,0
1643745563092,10127,Request-2,204,No Content,Thread Group 1-1,,true,412,1,1,0
1643745573223,10130,Request-2,204,No Content,Thread Group 1-1,,true,412,1,1,0
1643745583357,10146,Request-2,204,No Content,Thread Group 1-1,,true,412,1,1,0
1643745593508,10138,Request-2,204,No Content,Thread Group 1-1,,true,412,1,1,0
1643745603651,10132,Request-2,204,No Content,Thread Group 1-1,,true,412,1,1,0
1643745613787,10132,Request-2,204,No Content,Thread Group 1-1,,true,412,1,1,0
1643745623923,10128,Request-2,204,No Content,Thread Group 1-1,,true,412,1,1,0
1643745634054,10132,Request-2,204,No Content,Thread Group 1-1,,true,412,1,1,0
1643745644193,10134,Request-2,204,No Content,Thread Group 1-1,,true,412,1,1,0
1643745654331,10140,Request-2,204,No Content,Thread Group 1-1,,true,412,1,1,0
1643745664476,10139,Request-2,204,No Content,Thread Group 1-1,,true,412,1,1,0
1643745674620,10130,Request-2,204,No Content,Thread Group 1-1,,true,412,1,1,0
1643745684757,10137,Request-2,204,No Content,Thread Group 1-1,,true,412,1,1,0
1643745694898,10136,Request-2,204,No Content,Thread Group 1-1,,true,412,1,1,0
1643745705039,10137,Request-2,204,No Content,Thread Group 1-1,,true,412,1,1,0
1643745715180,10126,Request-2,204,No Content,Thread Group 1-1,,true,412,1,1,0
1643745725312,10134,Request-2,204,No Content,Thread Group 1-1,,true,412,1,1,0
1643745735451,10140,Request-2,204,No Content,Thread Group 1-1,,true,412,1,1,0
1643745745594,10134,Request-2,204,No Content,Thread Group 1-1,,true,412,1,1,0
1643745755732,10128,Request-2,204,No Content,Thread Group 1-1,,true,412,1,1,0
1643745765865,10127,Request-2,204,No Content,Thread Group 1-1,,true,412,1,1,0
1643745775997,15136,Request-3,204,No Content,Thread Group 1-1,,true,412,1,1,0
1643745791138,15133,Request-3,204,No Content,Thread Group 1-1,,true,412,1,1,0
1643745806275,15153,Request-3,204,No Content,Thread Group 1-1,,true,412,1,1,0
1643745821433,15134,Request-3,204,No Content,Thread Group 1-1,,true,412,1,1,0
1643745836571,15152,Request-3,204,No Content,Thread Group 1-1,,true,412,1,1,0
1643745851728,15144,Request-3,204,No Content,Thread Group 1-1,,true,412,1,1,0
1643745866876,15141,Request-3,204,No Content,Thread Group 1-1,,true,412,1,1,0
1643745882021,15137,Request-3,204,No Content,Thread Group 1-1,,true,412,1,1,0
1643745897164,15138,Request-3,204,No Content,Thread Group 1-1,,true,412,1,1,0
1643745912307,15142,Request-3,204,No Content,Thread Group 1-1,,true,412,1,1,0
1643745927452,15140,Request-3,204,No Content,Thread Group 1-1,,true,412,1,1,0
1643745942596,15133,Request-3,204,No Content,Thread Group 1-1,,true,412,1,1,0
1643745957734,15146,Request-3,204,No Content,Thread Group 1-1,,true,412,1,1,0
1643745972884,15155,Request-3,204,No Content,Thread Group 1-1,,true,412,1,1,0
1643745988045,15144,Request-3,204,No Content,Thread Group 1-1,,true,412,1,1,0
1643746003192,15130,Request-3,204,No Content,Thread Group 1-1,,true,412,1,1,0
1643746018327,15134,Request-3,204,No Content,Thread Group 1-1,,true,412,1,1,0
1643746033466,15132,Request-3,204,No Content,Thread Group 1-1,,true,412,1,1,0
1643746048601,15141,Request-3,204,No Content,Thread Group 1-1,,true,412,1,1,0
1643746063747,15144,Request-3,204,No Content,Thread Group 1-1,,true,412,1,1,0
1643746078895,15146,Request-3,204,No Content,Thread Group 1-1,,true,412,1,1,0
1643746094045,15528,Request-3,204,No Content,Thread Group 1-1,,true,412,1,1,0
1643746109577,15148,Request-3,204,No Content,Thread Group 1-1,,true,412,1,1,0
1643746124728,15140,Request-3,204,No Content,Thread Group 1-1,,true,412,1,1,0
1643746139874,15154,Request-3,204,No Content,Thread Group 1-1,,true,412,1,1,0
1643746155032,15135,Request-3,204,No Content,Thread Group 1-1,,true,412,1,1,0
1643746170172,15637,Request-3,204,No Content,Thread Group 1-1,,true,412,1,1,0
1643746185815,15128,Request-3,204,No Content,Thread Group 1-1,,true,412,1,1,0
1643746200948,15136,Request-3,204,No Content,Thread Group 1-1,,true,412,1,1,0
1643746216089,15142,Request-3,204,No Content,Thread Group 1-1,,true,412,1,1,0
1643746231235,15131,Request-3,204,No Content,Thread Group 1-1,,true,412,1,1,0
1643746246371,15136,Request-3,204,No Content,Thread Group 1-1,,true,412,1,1,0
1643746261512,15138,Request-3,204,No Content,Thread Group 1-1,,true,412,1,1,0
1643746276655,15147,Request-3,204,No Content,Thread Group 1-1,,true,412,1,1,0
1643746291806,15138,Request-3,204,No Content,Thread Group 1-1,,true,412,1,1,0
1643746306948,15137,Request-3,204,No Content,Thread Group 1-1,,true,412,1,1,0
1643746322089,15137,Request-3,204,No Content,Thread Group 1-1,,true,412,1,1,0
1643746337231,15147,Request-3,204,No Content,Thread Group 1-1,,true,412,1,1,0
1643746352381,15143,Request-3,204,No Content,Thread Group 1-1,,true,412,1,1,0
1643746367529,15146,Request-3,204,No Content,Thread Group 1-1,,true,412,1,1,0
1643746382681,20157,Request-4,204,No Content,Thread Group 1-1,,true,412,1,1,0
1643746402842,20149,Request-4,204,No Content,Thread Group 1-1,,true,412,1,1,0
1643746422995,20151,Request-4,204,No Content,Thread Group 1-1,,true,412,1,1,0
1643746443151,20164,Request-4,204,No Content,Thread Group 1-1,,true,412,1,1,0
1643746463319,20148,Request-4,204,No Content,Thread Group 1-1,,true,412,1,1,0
1643746483471,20146,Request-4,204,No Content,Thread Group 1-1,,true,412,1,1,0
1643746503622,20135,Request-4,204,No Content,Thread Group 1-1,,true,412,1,1,0
1643746523760,20149,Request-4,204,No Content,Thread Group 1-1,,true,412,1,1,0
1643746543912,20148,Request-4,204,No Content,Thread Group 1-1,,true,412,1,1,0
1643746564066,20147,Request-4,204,No Content,Thread Group 1-1,,true,412,1,1,0
1643746584217,20144,Request-4,204,No Content,Thread Group 1-1,,true,412,1,1,0
1643746604366,20149,Request-4,204,No Content,Thread Group 1-1,,true,412,1,1,0
1643746624519,20160,Request-4,204,No Content,Thread Group 1-1,,true,412,1,1,0
1643746644685,20160,Request-4,204,No Content,Thread Group 1-1,,true,412,1,1,0
1643746664850,20152,Request-4,204,No Content,Thread Group 1-1,,true,412,1,1,0
1643746685005,20138,Request-4,204,No Content,Thread Group 1-1,,true,412,1,1,0
1643746705148,20156,Request-4,204,No Content,Thread Group 1-1,,true,412,1,1,0
1643746725308,20152,Request-4,204,No Content,Thread Group 1-1,,true,412,1,1,0
1643746745464,20172,Request-4,204,No Content,Thread Group 1-1,,true,412,1,1,0
1643746765641,20136,Request-4,204,No Content,Thread Group 1-1,,true,412,1,1,0
1643746785784,20151,Request-4,204,No Content,Thread Group 1-1,,true,412,1,1,0
1643746805939,20145,Request-4,204,No Content,Thread Group 1-1,,true,412,1,1,0
1643746826089,20134,Request-4,204,No Content,Thread Group 1-1,,true,412,1,1,0
1643746846229,20144,Request-4,204,No Content,Thread Group 1-1,,true,412,1,1,0
1643746866378,20149,Request-4,204,No Content,Thread Group 1-1,,true,412,1,1,0
1643746886531,20154,Request-4,204,No Content,Thread Group 1-1,,true,412,1,1,0
1643746906690,20147,Request-4,204,No Content,Thread Group 1-1,,true,412,1,1,0
1643746926841,20153,Request-4,204,No Content,Thread Group 1-1,,true,412,1,1,0
1643746947000,20144,Request-4,204,No Content,Thread Group 1-1,,true,412,1,1,0
1643746967148,20145,Request-4,204,No Content,Thread Group 1-1,,true,412,1,1,0
1643746987299,20148,Request-4,204,No Content,Thread Group 1-1,,true,412,1,1,0
1643747007451,20143,Request-4,204,No Content,Thread Group 1-1,,true,412,1,1,0
1643747027601,20155,Request-4,204,No Content,Thread Group 1-1,,true,412,1,1,0
1643747047760,20156,Request-4,204,No Content,Thread Group 1-1,,true,412,1,1,0
1643747067923,20141,Request-4,204,No Content,Thread Group 1-1,,true,412,1,1,0
1643747088068,20151,Request-4,204,No Content,Thread Group 1-1,,true,412,1,1,0
1643747108224,20150,Request-4,204,No Content,Thread Group 1-1,,true,412,1,1,0
1643747128378,20148,Request-4,204,No Content,Thread Group 1-1,,true,412,1,1,0
1643747148532,20150,Request-4,204,No Content,Thread Group 1-1,,true,412,1,1,0
1643747168687,20141,Request-4,204,No Content,Thread Group 1-1,,true,412,1,1,0
1643747188834,25144,Request-5,204,No Content,Thread Group 1-1,,true,412,1,1,0
1643747213984,25162,Request-5,204,No Content,Thread Group 1-1,,true,412,1,1,0
1643747239150,25158,Request-5,204,No Content,Thread Group 1-1,,true,412,1,1,0
1643747264312,25151,Request-5,204,No Content,Thread Group 1-1,,true,412,1,1,0
1643747289468,25153,Request-5,204,No Content,Thread Group 1-1,,true,412,1,1,0
1643747314626,25146,Request-5,204,No Content,Thread Group 1-1,,true,412,1,1,0
1643747339776,25157,Request-5,204,No Content,Thread Group 1-1,,true,412,1,1,0
1643747364937,25148,Request-5,204,No Content,Thread Group 1-1,,true,412,1,1,0
1643747390090,25155,Request-5,204,No Content,Thread Group 1-1,,true,412,1,1,0
1643747415250,25144,Request-5,204,No Content,Thread Group 1-1,,true,412,1,1,0
1643747440399,25154,Request-5,204,No Content,Thread Group 1-1,,true,412,1,1,0
1643747465559,25157,Request-5,204,No Content,Thread Group 1-1,,true,412,1,1,0
1643747490720,25146,Request-5,204,No Content,Thread Group 1-1,,true,412,1,1,0
1643747515871,25150,Request-5,204,No Content,Thread Group 1-1,,true,412,1,1,0
1643747541024,25155,Request-5,204,No Content,Thread Group 1-1,,true,412,1,1,0
1643747566185,25153,Request-5,204,No Content,Thread Group 1-1,,true,412,1,1,0
1643747591341,25144,Request-5,204,No Content,Thread Group 1-1,,true,412,1,1,0
1643747616493,25153,Request-5,204,No Content,Thread Group 1-1,,true,412,1,1,0
1643747641650,25152,Request-5,204,No Content,Thread Group 1-1,,true,412,1,1,0
1643747666807,25165,Request-5,204,No Content,Thread Group 1-1,,true,412,1,1,0
1643747691977,25145,Request-5,204,No Content,Thread Group 1-1,,true,412,1,1,0
1643747717126,25164,Request-5,204,No Content,Thread Group 1-1,,true,412,1,1,0
1643747742296,25156,Request-5,204,No Content,Thread Group 1-1,,true,412,1,1,0
1643747767456,25157,Request-5,204,No Content,Thread Group 1-1,,true,412,1,1,0
1643747792618,25153,Request-5,204,No Content,Thread Group 1-1,,true,412,1,1,0
1643747817774,25152,Request-5,204,No Content,Thread Group 1-1,,true,412,1,1,0
1643747842931,25151,Request-5,204,No Content,Thread Group 1-1,,true,412,1,1,0
1643747868087,25164,Request-5,204,No Content,Thread Group 1-1,,true,412,1,1,0
1643747893256,25156,Request-5,204,No Content,Thread Group 1-1,,true,412,1,1,0
1643747918416,25156,Request-5,204,No Content,Thread Group 1-1,,true,412,1,1,0
1643747943577,25152,Request-5,204,No Content,Thread Group 1-1,,true,412,1,1,0
1643747968734,25160,Request-5,204,No Content,Thread Group 1-1,,true,412,1,1,0
1643747993899,25158,Request-5,204,No Content,Thread Group 1-1,,true,412,1,1,0
1643748019061,25142,Request-5,204,No Content,Thread Group 1-1,,true,412,1,1,0
1643748044208,25170,Request-5,204,No Content,Thread Group 1-1,,true,412,1,1,0
1643748069385,25152,Request-5,204,No Content,Thread Group 1-1,,true,412,1,1,0
1643748094541,25146,Request-5,204,No Content,Thread Group 1-1,,true,412,1,1,0
1643748119693,25157,Request-5,204,No Content,Thread Group 1-1,,true,412,1,1,0
1643748144855,25147,Request-5,204,No Content,Thread Group 1-1,,true,412,1,1,0
1643748170006,25158,Request-5,204,No Content,Thread Group 1-1,,true,412,1,1,0
1643748195168,30153,Request-6,204,No Content,Thread Group 1-1,,true,412,1,1,0
1643748225323,30167,Request-6,204,No Content,Thread Group 1-1,,true,412,1,1,0
1643748255497,30169,Request-6,204,No Content,Thread Group 1-1,,true,412,1,1,0
1643748285671,30172,Request-6,204,No Content,Thread Group 1-1,,true,412,1,1,0
1643748315846,30163,Request-6,204,No Content,Thread Group 1-1,,true,412,1,1,0
1643748346013,30165,Request-6,204,No Content,Thread Group 1-1,,true,412,1,1,0
1643748376182,30164,Request-6,204,No Content,Thread Group 1-1,,true,412,1,1,0
1643748406353,30168,Request-6,204,No Content,Thread Group 1-1,,true,412,1,1,0
1643748436524,30158,Request-6,204,No Content,Thread Group 1-1,,true,412,1,1,0
1643748466683,30168,Request-6,204,No Content,Thread Group 1-1,,true,412,1,1,0
1643748496855,30168,Request-6,204,No Content,Thread Group 1-1,,true,412,1,1,0
1643748527027,30163,Request-6,204,No Content,Thread Group 1-1,,true,412,1,1,0
1643748557194,30159,Request-6,204,No Content,Thread Group 1-1,,true,412,1,1,0
1643748587355,30185,Request-6,204,No Content,Thread Group 1-1,,true,412,1,1,0
1643748617551,30175,Request-6,204,No Content,Thread Group 1-1,,true,412,1,1,0
1643748647733,30165,Request-6,204,No Content,Thread Group 1-1,,true,412,1,1,0
1643748677901,30168,Request-6,204,No Content,Thread Group 1-1,,true,412,1,1,0
1643748708075,30155,Request-6,204,No Content,Thread Group 1-1,,true,412,1,1,0
1643748738233,30168,Request-6,204,No Content,Thread Group 1-1,,true,412,1,1,0
1643748768403,30172,Request-6,204,No Content,Thread Group 1-1,,true,412,1,1,0
1643748798577,30172,Request-6,204,No Content,Thread Group 1-1,,true,412,1,1,0
1643748828753,30163,Request-6,204,No Content,Thread Group 1-1,,true,412,1,1,0
1643748858921,30172,Request-6,204,No Content,Thread Group 1-1,,true,412,1,1,0
1643748889098,30167,Request-6,204,No Content,Thread Group 1-1,,true,412,1,1,0
1643748919268,30164,Request-6,204,No Content,Thread Group 1-1,,true,412,1,1,0
1643748949435,30156,Request-6,204,No Content,Thread Group 1-1,,true,412,1,1,0
1643748979596,30166,Request-6,204,No Content,Thread Group 1-1,,true,412,1,1,0
1643749009767,30159,Request-6,204,No Content,Thread Group 1-1,,true,412,1,1,0
1643749039929,30166,Request-6,204,No Content,Thread Group 1-1,,true,412,1,1,0
1643749070102,30165,Request-6,204,No Content,Thread Group 1-1,,true,412,1,1,0
1643749100271,30167,Request-6,204,No Content,Thread Group 1-1,,true,412,1,1,0
1643749130442,30179,Request-6,204,No Content,Thread Group 1-1,,true,412,1,1,0
1643749160626,30156,Request-6,204,No Content,Thread Group 1-1,,true,412,1,1,0
1643749190786,30204,Request-6,204,No Content,Thread Group 1-1,,true,412,1,1,0
1643749220995,30154,Request-6,204,No Content,Thread Group 1-1,,true,412,1,1,0
1643749251153,30169,Request-6,204,No Content,Thread Group 1-1,,true,412,1,1,0
1643749281324,30172,Request-6,204,No Content,Thread Group 1-1,,true,412,1,1,0
1643749311503,30165,Request-6,204,No Content,Thread Group 1-1,,true,412,1,1,0
1643749341674,30156,Request-6,204,No Content,Thread Group 1-1,,true,412,1,1,0
1643749371834,30157,Request-6,204,No Content,Thread Group 1-1,,true,412,1,1,0
1643749401994,35194,Request-7,204,No Content,Thread Group 1-1,,true,412,1,1,0
1643749437192,35157,Request-7,204,No Content,Thread Group 1-1,,true,412,1,1,0
1643749472353,35168,Request-7,204,No Content,Thread Group 1-1,,true,412,1,1,0
1643749507524,35180,Request-7,204,No Content,Thread Group 1-1,,true,412,1,1,0
1643749542709,35164,Request-7,204,No Content,Thread Group 1-1,,true,412,1,1,0
1643749577877,35157,Request-7,204,No Content,Thread Group 1-1,,true,412,1,1,0
1643749613037,35167,Request-7,204,No Content,Thread Group 1-1,,true,412,1,1,0
1643749648207,35173,Request-7,204,No Content,Thread Group 1-1,,true,412,1,1,0
1643749683386,35174,Request-7,204,No Content,Thread Group 1-1,,true,412,1,1,0
1643749718566,35171,Request-7,204,No Content,Thread Group 1-1,,true,412,1,1,0
1643749753741,35159,Request-7,204,No Content,Thread Group 1-1,,true,412,1,1,0
1643749788904,35167,Request-7,204,No Content,Thread Group 1-1,,true,412,1,1,0
1643749824075,35179,Request-7,204,No Content,Thread Group 1-1,,true,412,1,1,0
1643749859257,35158,Request-7,204,No Content,Thread Group 1-1,,true,412,1,1,0
1643749894420,35170,Request-7,204,No Content,Thread Group 1-1,,true,412,1,1,0
1643749929595,35162,Request-7,204,No Content,Thread Group 1-1,,true,412,1,1,0
1643749964763,35154,Request-7,204,No Content,Thread Group 1-1,,true,412,1,1,0
1643749999922,35173,Request-7,204,No Content,Thread Group 1-1,,true,412,1,1,0
1643750035099,35629,Request-7,204,No Content,Thread Group 1-1,,true,412,1,1,0
1643750070731,35176,Request-7,204,No Content,Thread Group 1-1,,true,412,1,1,0
1643750105912,35171,Request-7,204,No Content,Thread Group 1-1,,true,412,1,1,0
1643750141088,35172,Request-7,204,No Content,Thread Group 1-1,,true,412,1,1,0
1643750176265,35163,Request-7,204,No Content,Thread Group 1-1,,true,412,1,1,0
1643750211433,35164,Request-7,204,No Content,Thread Group 1-1,,true,412,1,1,0
1643750246602,35156,Request-7,204,No Content,Thread Group 1-1,,true,412,1,1,0
1643750281760,35156,Request-7,204,No Content,Thread Group 1-1,,true,412,1,1,0
1643750316923,35169,Request-7,204,No Content,Thread Group 1-1,,true,412,1,1,0
1643750352095,35166,Request-7,204,No Content,Thread Group 1-1,,true,412,1,1,0
1643750387267,35164,Request-7,204,No Content,Thread Group 1-1,,true,412,1,1,0
1643750422436,35163,Request-7,204,No Content,Thread Group 1-1,,true,412,1,1,0
1643750457604,35175,Request-7,204,No Content,Thread Group 1-1,,true,412,1,1,0
1643750492783,35161,Request-7,204,No Content,Thread Group 1-1,,true,412,1,1,0
1643750527949,35163,Request-7,204,No Content,Thread Group 1-1,,true,412,1,1,0
1643750563116,35161,Request-7,204,No Content,Thread Group 1-1,,true,412,1,1,0
1643750598283,35175,Request-7,204,No Content,Thread Group 1-1,,true,412,1,1,0
1643750633462,35160,Request-7,204,No Content,Thread Group 1-1,,true,412,1,1,0
1643750668627,35169,Request-7,204,No Content,Thread Group 1-1,,true,412,1,1,0
1643750703802,35173,Request-7,204,No Content,Thread Group 1-1,,true,412,1,1,0
1643750738981,35171,Request-7,204,No Content,Thread Group 1-1,,true,412,1,1,0
1643750774155,35178,Request-7,204,No Content,Thread Group 1-1,,true,412,1,1,0
1643750809338,40170,Request-8,204,No Content,Thread Group 1-1,,true,412,1,1,0
1643750849512,40176,Request-8,204,No Content,Thread Group 1-1,,true,412,1,1,0
1643750889693,40163,Request-8,204,No Content,Thread Group 1-1,,true,412,1,1,0
1643750929861,40176,Request-8,204,No Content,Thread Group 1-1,,true,412,1,1,0
1643750970041,40172,Request-8,204,No Content,Thread Group 1-1,,true,412,1,1,0
1643751010218,40180,Request-8,204,No Content,Thread Group 1-1,,true,412,1,1,0
1643751050402,40664,Request-8,204,No Content,Thread Group 1-1,,true,412,1,1,0
1643751091072,40188,Request-8,204,No Content,Thread Group 1-1,,true,412,1,1,0
1643751131264,40176,Request-8,204,No Content,Thread Group 1-1,,true,412,1,1,0
1643751171445,40178,Request-8,204,No Content,Thread Group 1-1,,true,412,1,1,0
1643751211628,40672,Request-8,204,No Content,Thread Group 1-1,,true,412,1,1,0
1643751252304,40177,Request-8,204,No Content,Thread Group 1-1,,true,412,1,1,0
1643751292485,40177,Request-8,204,No Content,Thread Group 1-1,,true,412,1,1,0
1643751332665,40163,Request-8,204,No Content,Thread Group 1-1,,true,412,1,1,0
1643751372833,40174,Request-8,204,No Content,Thread Group 1-1,,true,412,1,1,0
1643751413012,40176,Request-8,204,No Content,Thread Group 1-1,,true,412,1,1,0
1643751453192,40170,Request-8,204,No Content,Thread Group 1-1,,true,412,1,1,0
1643751493365,40176,Request-8,204,No Content,Thread Group 1-1,,true,412,1,1,0
1643751533546,40168,Request-8,204,No Content,Thread Group 1-1,,true,412,1,1,0
1643751573718,40165,Request-8,204,No Content,Thread Group 1-1,,true,412,1,1,0
1643751613887,40174,Request-8,204,No Content,Thread Group 1-1,,true,412,1,1,0
1643751654065,40166,Request-8,204,No Content,Thread Group 1-1,,true,412,1,1,0
1643751694237,40172,Request-8,204,No Content,Thread Group 1-1,,true,412,1,1,0
1643751734413,40178,Request-8,204,No Content,Thread Group 1-1,,true,412,1,1,0
1643751774596,40168,Request-8,204,No Content,Thread Group 1-1,,true,412,1,1,0
1643751814769,40174,Request-8,204,No Content,Thread Group 1-1,,true,412,1,1,0
1643751854947,40171,Request-8,204,No Content,Thread Group 1-1,,true,412,1,1,0
1643751895122,40167,Request-8,204,No Content,Thread Group 1-1,,true,412,1,1,0
1643751935295,40174,Request-8,204,No Content,Thread Group 1-1,,true,412,1,1,0
1643751975474,40173,Request-8,204,No Content,Thread Group 1-1,,true,412,1,1,0
1643752015650,40167,Request-8,204,No Content,Thread Group 1-1,,true,412,1,1,0
1643752055821,40177,Request-8,204,No Content,Thread Group 1-1,,true,412,1,1,0
1643752096003,40168,Request-8,204,No Content,Thread Group 1-1,,true,412,1,1,0
1643752136176,40174,Request-8,204,No Content,Thread Group 1-1,,true,412,1,1,0
1643752176354,40171,Request-8,204,No Content,Thread Group 1-1,,true,412,1,1,0
1643752216529,40166,Request-8,204,No Content,Thread Group 1-1,,true,412,1,1,0
1643752256700,40155,Request-8,204,No Content,Thread Group 1-1,,true,412,1,1,0
1643752296859,40182,Request-8,204,No Content,Thread Group 1-1,,true,412,1,1,0
1643752337045,40168,Request-8,204,No Content,Thread Group 1-1,,true,412,1,1,0
1643752377218,40193,Request-8,204,No Content,Thread Group 1-1,,true,412,1,1,0
1643752417417,45177,Request-9,204,No Content,Thread Group 1-1,,true,412,1,1,0
1643752462600,45184,Request-9,204,No Content,Thread Group 1-1,,true,412,1,1,0
1643752507787,45176,Request-9,204,No Content,Thread Group 1-1,,true,412,1,1,0
1643752552969,45178,Request-9,204,No Content,Thread Group 1-1,,true,412,1,1,0
1643752598153,45179,Request-9,204,No Content,Thread Group 1-1,,true,412,1,1,0
1643752643337,45185,Request-9,204,No Content,Thread Group 1-1,,true,412,1,1,0
1643752688525,45197,Request-9,204,No Content,Thread Group 1-1,,true,412,1,1,0
1643752733726,45196,Request-9,204,No Content,Thread Group 1-1,,true,412,1,1,0
1643752778927,45190,Request-9,204,No Content,Thread Group 1-1,,true,412,1,1,0
1643752824122,45186,Request-9,204,No Content,Thread Group 1-1,,true,412,1,1,0
1643752869312,45184,Request-9,204,No Content,Thread Group 1-1,,true,412,1,1,0
1643752914502,45173,Request-9,204,No Content,Thread Group 1-1,,true,412,1,1,0
1643752959679,45187,Request-9,204,No Content,Thread Group 1-1,,true,412,1,1,0
1643753004870,45183,Request-9,204,No Content,Thread Group 1-1,,true,412,1,1,0
1643753050058,45175,Request-9,204,No Content,Thread Group 1-1,,true,412,1,1,0
1643753095237,45182,Request-9,204,No Content,Thread Group 1-1,,true,412,1,1,0
1643753140425,45182,Request-9,204,No Content,Thread Group 1-1,,true,412,1,1,0
1643753185612,45193,Request-9,204,No Content,Thread Group 1-1,,true,412,1,1,0
1643753230809,45183,Request-9,204,No Content,Thread Group 1-1,,true,412,1,1,0
1643753275995,45176,Request-9,204,No Content,Thread Group 1-1,,true,412,1,1,0
1643753321176,45182,Request-9,204,No Content,Thread Group 1-1,,true,412,1,1,0
1643753366364,45175,Request-9,204,No Content,Thread Group 1-1,,true,412,1,1,0
1643753411543,45187,Request-9,204,No Content,Thread Group 1-1,,true,412,1,1,0
1643753456735,45164,Request-9,204,No Content,Thread Group 1-1,,true,412,1,1,0
1643753501904,45174,Request-9,204,No Content,Thread Group 1-1,,true,412,1,1,0
1643753547083,45173,Request-9,204,No Content,Thread Group 1-1,,true,412,1,1,0
1643753592260,45179,Request-9,204,No Content,Thread Group 1-1,,true,412,1,1,0
1643753637444,45183,Request-9,204,No Content,Thread Group 1-1,,true,412,1,1,0
1643753682631,45164,Request-9,204,No Content,Thread Group 1-1,,true,412,1,1,0
1643753727799,45183,Request-9,204,No Content,Thread Group 1-1,,true,412,1,1,0
1643753772986,45182,Request-9,204,No Content,Thread Group 1-1,,true,412,1,1,0
1643753818172,45174,Request-9,204,No Content,Thread Group 1-1,,true,412,1,1,0
1643753863351,45175,Request-9,204,No Content,Thread Group 1-1,,true,412,1,1,0
1643753908531,45172,Request-9,204,No Content,Thread Group 1-1,,true,412,1,1,0
1643753953709,45172,Request-9,204,No Content,Thread Group 1-1,,true,412,1,1,0
1643753998885,45173,Request-9,204,No Content,Thread Group 1-1,,true,412,1,1,0
1643754044062,45174,Request-9,204,No Content,Thread Group 1-1,,true,412,1,1,0
1643754089240,45174,Request-9,204,No Content,Thread Group 1-1,,true,412,1,1,0
1643754134418,45174,Request-9,204,No Content,Thread Group 1-1,,true,412,1,1,0
1643754179596,45185,Request-9,204,No Content,Thread Group 1-1,,true,412,1,1,0
1643754224785,50191,Request-10,204,No Content,Thread Group 1-1,,true,412,1,1,0
1643754274981,50195,Request-10,204,No Content,Thread Group 1-1,,true,412,1,1,0
1643754325181,50184,Request-10,204,No Content,Thread Group 1-1,,true,412,1,1,0
1643754375369,50187,Request-10,204,No Content,Thread Group 1-1,,true,412,1,1,0
1643754425559,50185,Request-10,204,No Content,Thread Group 1-1,,true,412,1,1,0
1643754475750,50184,Request-10,204,No Content,Thread Group 1-1,,true,412,1,1,0
1643754525938,50170,Request-10,204,No Content,Thread Group 1-1,,true,412,1,1,0
1643754576113,50185,Request-10,204,No Content,Thread Group 1-1,,true,412,1,1,0
1643754626302,50185,Request-10,204,No Content,Thread Group 1-1,,true,412,1,1,0
1643754676491,50189,Request-10,204,No Content,Thread Group 1-1,,true,412,1,1,0
1643754726684,50183,Request-10,204,No Content,Thread Group 1-1,,true,412,1,1,0
1643754776872,50174,Request-10,204,No Content,Thread Group 1-1,,true,412,1,1,0
1643754827048,50177,Request-10,204,No Content,Thread Group 1-1,,true,412,1,1,0
1643754877230,50194,Request-10,204,No Content,Thread Group 1-1,,true,412,1,1,0
1643754927429,50181,Request-10,204,No Content,Thread Group 1-1,,true,412,1,1,0
1643754977613,50181,Request-10,204,No Content,Thread Group 1-1,,true,412,1,1,0
1643755027799,50190,Request-10,204,No Content,Thread Group 1-1,,true,412,1,1,0
1643755077994,50179,Request-10,204,No Content,Thread Group 1-1,,true,412,1,1,0
1643755128177,50183,Request-10,204,No Content,Thread Group 1-1,,true,412,1,1,0
1643755178367,50199,Request-10,204,No Content,Thread Group 1-1,,true,412,1,1,0
1643755228570,50193,Request-10,204,No Content,Thread Group 1-1,,true,412,1,1,0
1643755278769,50187,Request-10,204,No Content,Thread Group 1-1,,true,412,1,1,0
1643755328959,50185,Request-10,204,No Content,Thread Group 1-1,,true,412,1,1,0
1643755379148,50179,Request-10,204,No Content,Thread Group 1-1,,true,412,1,1,0
1643755429332,50173,Request-10,204,No Content,Thread Group 1-1,,true,412,1,1,0
1643755479510,50201,Request-10,204,No Content,Thread Group 1-1,,true,412,1,1,0
1643755529717,50183,Request-10,204,No Content,Thread Group 1-1,,true,412,1,1,0
1643755579904,50188,Request-10,204,No Content,Thread Group 1-1,,true,412,1,1,0
1643755630097,50196,Request-10,204,No Content,Thread Group 1-1,,true,412,1,1,0
1643755680297,50178,Request-10,204,No Content,Thread Group 1-1,,true,412,1,1,0
1643755730478,50181,Request-10,204,No Content,Thread Group 1-1,,true,412,1,1,0
1643755780664,50193,Request-10,204,No Content,Thread Group 1-1,,true,412,1,1,0
1643755830863,50180,Request-10,204,No Content,Thread Group 1-1,,true,412,1,1,0
1643755881048,50190,Request-10,204,No Content,Thread Group 1-1,,true,412,1,1,0
1643755931242,50177,Request-10,204,No Content,Thread Group 1-1,,true,412,1,1,0
1643755981424,50183,Request-10,204,No Content,Thread Group 1-1,,true,412,1,1,0
1643756031611,50178,Request-10,204,No Content,Thread Group 1-1,,true,412,1,1,0
1643756081793,50711,Request-10,204,No Content,Thread Group 1-1,,true,412,1,1,0
1643756132508,50191,Request-10,204,No Content,Thread Group 1-1,,true,412,1,1,0
1643756182704,50188,Request-10,204,No Content,Thread Group 1-1,,true,412,1,1,0
