1643759369578,4450,Request-0,204,No Content,Thread Group 1-1,,true,412,1,1,0
1643759374029,3906,Request-0,204,No Content,Thread Group 1-1,,true,412,1,1,0
1643759377937,341,Request-0,204,No Content,Thread Group 1-1,,true,412,1,1,0
1643759378280,333,Request-0,204,No Content,Thread Group 1-1,,true,412,1,1,0
1643759378615,326,Request-0,204,No Content,Thread Group 1-1,,true,412,1,1,0
1643759378944,302,Request-0,204,No Content,Thread Group 1-1,,true,412,1,1,0
1643759379248,305,Request-0,204,No Content,Thread Group 1-1,,true,412,1,1,0
1643759379555,302,Request-0,204,No Content,Thread Group 1-1,,true,412,1,1,0
1643759379860,306,Request-0,204,No Content,Thread Group 1-1,,true,412,1,1,0
1643759380169,325,Request-0,204,No Content,Thread Group 1-1,,true,412,1,1,0
1643759380496,70,Request-0,Non HTTP response code: java.net.SocketException,Non HTTP response message: Socket closed,Thread Group 1-1,text,false,2718,1,1,0
1643759383762,330,Request-0,204,No Content,Thread Group 1-1,,true,412,1,1,0
1643759384094,345,Request-0,204,No Content,Thread Group 1-1,,true,412,1,1,0
1643759384441,319,Request-0,204,No Content,Thread Group 1-1,,true,412,1,1,0
1643759384761,315,Request-0,204,No Content,Thread Group 1-1,,true,412,1,1,0
1643759385078,303,Request-0,204,No Content,Thread Group 1-1,,true,412,1,1,0
1643759385383,305,Request-0,204,No Content,Thread Group 1-1,,true,412,1,1,0
1643759385690,312,Request-0,204,No Content,Thread Group 1-1,,true,412,1,1,0
1643759386005,311,Request-0,204,No Content,Thread Group 1-1,,true,412,1,1,0
1643759386318,313,Request-0,204,No Content,Thread Group 1-1,,true,412,1,1,0
1643759386633,307,Request-0,204,No Content,Thread Group 1-1,,true,412,1,1,0
1643759386943,326,Request-0,204,No Content,Thread Group 1-1,,true,412,1,1,0
1643759387272,323,Request-0,204,No Content,Thread Group 1-1,,true,412,1,1,0
1643759387598,309,Request-0,204,No Content,Thread Group 1-1,,true,412,1,1,0
1643759387910,308,Request-0,204,No Content,Thread Group 1-1,,true,412,1,1,0
1643759388221,306,Request-0,204,No Content,Thread Group 1-1,,true,412,1,1,0
1643759388530,307,Request-0,204,No Content,Thread Group 1-1,,true,412,1,1,0
1643759388839,318,Request-0,204,No Content,Thread Group 1-1,,true,412,1,1,0
1643759389160,300,Request-0,204,No Content,Thread Group 1-1,,true,412,1,1,0
1643759389463,311,Request-0,204,No Content,Thread Group 1-1,,true,412,1,1,0
1643759389777,299,Request-0,204,No Content,Thread Group 1-1,,true,412,1,1,0
1643759390079,318,Request-0,204,No Content,Thread Group 1-1,,true,412,1,1,0
1643759390400,300,Request-0,204,No Content,Thread Group 1-1,,true,412,1,1,0
1643759390703,306,Request-0,204,No Content,Thread Group 1-1,,true,412,1,1,0
1643759391013,312,Request-0,204,No Content,Thread Group 1-1,,true,412,1,1,0
1643759391327,312,Request-0,204,No Content,Thread Group 1-1,,true,412,1,1,0
1643759391643,304,Request-0,204,No Content,Thread Group 1-1,,true,412,1,1,0
1643759391951,297,Request-0,204,No Content,Thread Group 1-1,,true,412,1,1,0
1643759392251,305,Request-0,204,No Content,Thread Group 1-1,,true,412,1,1,0
1643759392560,302,Request-0,204,No Content,Thread Group 1-1,,true,412,1,1,0
1643759392867,300,Request-0,204,No Content,Thread Group 1-1,,true,412,1,1,0
1643759393171,323,Request-0,204,No Content,Thread Group 1-1,,true,412,1,1,0
1643759393498,308,Request-0,204,No Content,Thread Group 1-1,,true,412,1,1,0
1643759393810,300,Request-0,204,No Content,Thread Group 1-1,,true,412,1,1,0
1643759394114,321,Request-0,204,No Content,Thread Group 1-1,,true,412,1,1,0
1643759394439,294,Request-0,204,No Content,Thread Group 1-1,,true,412,1,1,0
1643759394738,315,Request-0,204,No Content,Thread Group 1-1,,true,412,1,1,0
1643759395057,306,Request-0,204,No Content,Thread Group 1-1,,true,412,1,1,0
1643759395368,317,Request-0,204,No Content,Thread Group 1-1,,true,412,1,1,0
1643759395690,327,Request-0,204,No Content,Thread Group 1-1,,true,412,1,1,0
1643759396021,309,Request-0,204,No Content,Thread Group 1-1,,true,412,1,1,0
1643759396334,1137,Request-1,204,No Content,Thread Group 1-1,,true,412,1,1,0
1643759397476,1125,Request-1,204,No Content,Thread Group 1-1,,true,412,1,1,0
1643759398606,1135,Request-1,204,No Content,Thread Group 1-1,,true,412,1,1,0
1643759399746,1145,Request-1,204,No Content,Thread Group 1-1,,true,412,1,1,0
1643759400896,1128,Request-1,204,No Content,Thread Group 1-1,,true,412,1,1,0
1643759402029,1124,Request-1,204,No Content,Thread Group 1-1,,true,412,1,1,0
1643759403157,1120,Request-1,204,No Content,Thread Group 1-1,,true,412,1,1,0
1643759404282,1125,Request-1,204,No Content,Thread Group 1-1,,true,412,1,1,0
1643759405411,1134,Request-1,204,No Content,Thread Group 1-1,,true,412,1,1,0
1643759406550,1127,Request-1,204,No Content,Thread Group 1-1,,true,412,1,1,0
1643759407682,1122,Request-1,204,No Content,Thread Group 1-1,,true,412,1,1,0
1643759408808,1128,Request-1,204,No Content,Thread Group 1-1,,true,412,1,1,0
1643759409940,1136,Request-1,204,No Content,Thread Group 1-1,,true,412,1,1,0
1643759411081,1120,Request-1,204,No Content,Thread Group 1-1,,true,412,1,1,0
1643759412205,1121,Request-1,204,No Content,Thread Group 1-1,,true,412,1,1,0
1643759413331,1121,Request-1,204,No Content,Thread Group 1-1,,true,412,1,1,0
1643759414457,1129,Request-1,204,No Content,Thread Group 1-1,,true,412,1,1,0
1643759415593,1125,Request-1,204,No Content,Thread Group 1-1,,true,412,1,1,0
1643759416723,1123,Request-1,204,No Content,Thread Group 1-1,,true,412,1,1,0
1643759417850,1129,Request-1,204,No Content,Thread Group 1-1,,true,412,1,1,0
1643759418983,1126,Request-1,204,No Content,Thread Group 1-1,,true,412,1,1,0
1643759420114,1128,Request-1,204,No Content,Thread Group 1-1,,true,412,1,1,0
1643759421247,1125,Request-1,204,No Content,Thread Group 1-1,,true,412,1,1,0
1643759422376,1134,Request-1,204,No Content,Thread Group 1-1,,true,412,1,1,0
1643759423516,1135,Request-1,204,No Content,Thread Group 1-1,,true,412,1,1,0
1643759424656,1124,Request-1,204,No Content,Thread Group 1-1,,true,412,1,1,0
1643759425785,1139,Request-1,204,No Content,Thread Group 1-1,,true,412,1,1,0
1643759426928,1129,Request-1,204,No Content,Thread Group 1-1,,true,412,1,1,0
1643759428060,1131,Request-1,204,No Content,Thread Group 1-1,,true,412,1,1,0
1643759429196,1129,Request-1,204,No Content,Thread Group 1-1,,true,412,1,1,0
1643759430330,1117,Request-1,204,No Content,Thread Group 1-1,,true,412,1,1,0
1643759431452,1126,Request-1,204,No Content,Thread Group 1-1,,true,412,1,1,0
1643759432584,1132,Request-1,204,No Content,Thread Group 1-1,,true,412,1,1,0
1643759433720,1129,Request-1,204,No Content,Thread Group 1-1,,true,412,1,1,0
1643759434854,1132,Request-1,204,No Content,Thread Group 1-1,,true,412,1,1,0
1643759435990,1129,Request-1,204,No Content,Thread Group 1-1,,true,412,1,1,0
1643759437124,1131,Request-1,204,No Content,Thread Group 1-1,,true,412,1,1,0
1643759438259,1118,Request-1,204,No Content,Thread Group 1-1,,true,412,1,1,0
1643759439381,1131,Request-1,204,No Content,Thread Group 1-1,,true,412,1,1,0
1643759440517,1127,Request-1,204,No Content,Thread Group 1-1,,true,412,1,1,0
1643759441648,2126,Request-2,204,No Content,Thread Group 1-1,,true,412,1,1,0
1643759443779,2135,Request-2,204,No Content,Thread Group 1-1,,true,412,1,1,0
1643759445918,2129,Request-2,204,No Content,Thread Group 1-1,,true,412,1,1,0
1643759448052,2137,Request-2,204,No Content,Thread Group 1-1,,true,412,1,1,0
1643759450195,2134,Request-2,204,No Content,Thread Group 1-1,,true,412,1,1,0
1643759452335,2127,Request-2,204,No Content,Thread Group 1-1,,true,412,1,1,0
1643759454467,2126,Request-2,204,No Content,Thread Group 1-1,,true,412,1,1,0
1643759456597,2138,Request-2,204,No Content,Thread Group 1-1,,true,412,1,1,0
1643759458740,2134,Request-2,204,No Content,Thread Group 1-1,,true,412,1,1,0
1643759460878,2136,Request-2,204,No Content,Thread Group 1-1,,true,412,1,1,0
1643759463019,2142,Request-2,204,No Content,Thread Group 1-1,,true,412,1,1,0
1643759465166,2138,Request-2,204,No Content,Thread Group 1-1,,true,412,1,1,0
1643759467308,2129,Request-2,204,No Content,Thread Group 1-1,,true,412,1,1,0
1643759469441,2135,Request-2,204,No Content,Thread Group 1-1,,true,412,1,1,0
1643759471580,2123,Request-2,204,No Content,Thread Group 1-1,,true,412,1,1,0
1643759473707,2122,Request-2,204,No Content,Thread Group 1-1,,true,412,1,1,0
1643759475834,2142,Request-2,204,No Content,Thread Group 1-1,,true,412,1,1,0
1643759477981,2122,Request-2,204,No Content,Thread Group 1-1,,true,412,1,1,0
1643759480108,2136,Request-2,204,No Content,Thread Group 1-1,,true,412,1,1,0
1643759482250,2147,Request-2,204,No Content,Thread Group 1-1,,true,412,1,1,0
1643759484402,2132,Request-2,204,No Content,Thread Group 1-1,,true,412,1,1,0
1643759486538,2134,Request-2,204,No Content,Thread Group 1-1,,true,412,1,1,0
1643759488678,2121,Request-2,204,No Content,Thread Group 1-1,,true,412,1,1,0
1643759490803,2128,Request-2,204,No Content,Thread Group 1-1,,true,412,1,1,0
1643759492935,2127,Request-2,204,No Content,Thread Group 1-1,,true,412,1,1,0
1643759495066,2133,Request-2,204,No Content,Thread Group 1-1,,true,412,1,1,0
1643759497203,2126,Request-2,204,No Content,Thread Group 1-1,,true,412,1,1,0
1643759499333,2131,Request-2,204,No Content,Thread Group 1-1,,true,412,1,1,0
1643759501471,2132,Request-2,204,No Content,Thread Group 1-1,,true,412,1,1,0
1643759503608,2131,Request-2,204,No Content,Thread Group 1-1,,true,412,1,1,0
1643759505743,2133,Request-2,204,No Content,Thread Group 1-1,,true,412,1,1,0
1643759507880,2128,Request-2,204,No Content,Thread Group 1-1,,true,412,1,1,0
1643759510013,2129,Request-2,204,No Content,Thread Group 1-1,,true,412,1,1,0
1643759512146,2140,Request-2,204,No Content,Thread Group 1-1,,true,412,1,1,0
1643759514291,2134,Request-2,204,No Content,Thread Group 1-1,,true,412,1,1,0
1643759516429,2129,Request-2,204,No Content,Thread Group 1-1,,true,412,1,1,0
1643759518563,2144,Request-2,204,No Content,Thread Group 1-1,,true,412,1,1,0
1643759520712,2137,Request-2,204,No Content,Thread Group 1-1,,true,412,1,1,0
1643759522853,2120,Request-2,204,No Content,Thread Group 1-1,,true,412,1,1,0
1643759524977,2126,Request-2,204,No Content,Thread Group 1-1,,true,412,1,1,0
1643759527106,3167,Request-3,204,No Content,Thread Group 1-1,,true,412,1,1,0
1643759530277,3139,Request-3,204,No Content,Thread Group 1-1,,true,412,1,1,0
1643759533419,3136,Request-3,204,No Content,Thread Group 1-1,,true,412,1,1,0
1643759536561,3134,Request-3,204,No Content,Thread Group 1-1,,true,412,1,1,0
1643759539699,3140,Request-3,204,No Content,Thread Group 1-1,,true,412,1,1,0
1643759542842,3140,Request-3,204,No Content,Thread Group 1-1,,true,412,1,1,0
1643759545986,3145,Request-3,204,No Content,Thread Group 1-1,,true,412,1,1,0
1643759549135,3141,Request-3,204,No Content,Thread Group 1-1,,true,412,1,1,0
1643759552281,3139,Request-3,204,No Content,Thread Group 1-1,,true,412,1,1,0
1643759555425,3139,Request-3,204,No Content,Thread Group 1-1,,true,412,1,1,0
1643759558569,3129,Request-3,204,No Content,Thread Group 1-1,,true,412,1,1,0
1643759561704,3141,Request-3,204,No Content,Thread Group 1-1,,true,412,1,1,0
1643759564848,3145,Request-3,204,No Content,Thread Group 1-1,,true,412,1,1,0
1643759567997,3133,Request-3,204,No Content,Thread Group 1-1,,true,412,1,1,0
1643759571134,3154,Request-3,204,No Content,Thread Group 1-1,,true,412,1,1,0
1643759574292,3127,Request-3,204,No Content,Thread Group 1-1,,true,412,1,1,0
1643759577423,3139,Request-3,204,No Content,Thread Group 1-1,,true,412,1,1,0
1643759580566,3137,Request-3,204,No Content,Thread Group 1-1,,true,412,1,1,0
1643759583709,3135,Request-3,204,No Content,Thread Group 1-1,,true,412,1,1,0
1643759586847,3130,Request-3,204,No Content,Thread Group 1-1,,true,412,1,1,0
1643759589982,3132,Request-3,204,No Content,Thread Group 1-1,,true,412,1,1,0
1643759593118,3133,Request-3,204,No Content,Thread Group 1-1,,true,412,1,1,0
1643759596255,3130,Request-3,204,No Content,Thread Group 1-1,,true,412,1,1,0
1643759599389,3130,Request-3,204,No Content,Thread Group 1-1,,true,412,1,1,0
1643759602524,3140,Request-3,204,No Content,Thread Group 1-1,,true,412,1,1,0
1643759605668,3128,Request-3,204,No Content,Thread Group 1-1,,true,412,1,1,0
1643759608801,3131,Request-3,204,No Content,Thread Group 1-1,,true,412,1,1,0
1643759611937,3142,Request-3,204,No Content,Thread Group 1-1,,true,412,1,1,0
1643759615085,3134,Request-3,204,No Content,Thread Group 1-1,,true,412,1,1,0
1643759618224,3134,Request-3,204,No Content,Thread Group 1-1,,true,412,1,1,0
1643759621362,3142,Request-3,204,No Content,Thread Group 1-1,,true,412,1,1,0
1643759624509,3138,Request-3,204,No Content,Thread Group 1-1,,true,412,1,1,0
1643759627651,3137,Request-3,204,No Content,Thread Group 1-1,,true,412,1,1,0
1643759630793,3138,Request-3,204,No Content,Thread Group 1-1,,true,412,1,1,0
1643759633936,3130,Request-3,204,No Content,Thread Group 1-1,,true,412,1,1,0
1643759637071,3145,Request-3,204,No Content,Thread Group 1-1,,true,412,1,1,0
1643759640222,3147,Request-3,204,No Content,Thread Group 1-1,,true,412,1,1,0
1643759643374,3141,Request-3,204,No Content,Thread Group 1-1,,true,412,1,1,0
1643759646520,3129,Request-3,204,No Content,Thread Group 1-1,,true,412,1,1,0
1643759649656,3127,Request-3,204,No Content,Thread Group 1-1,,true,412,1,1,0
1643759652787,4143,Request-4,204,No Content,Thread Group 1-1,,true,412,1,1,0
1643759656935,4147,Request-4,204,No Content,Thread Group 1-1,,true,412,1,1,0
1643759661087,4144,Request-4,204,No Content,Thread Group 1-1,,true,412,1,1,0
1643759665237,4147,Request-4,204,No Content,Thread Group 1-1,,true,412,1,1,0
1643759669388,4135,Request-4,204,No Content,Thread Group 1-1,,true,412,1,1,0
1643759673527,4159,Request-4,204,No Content,Thread Group 1-1,,true,412,1,1,0
1643759677689,4148,Request-4,204,No Content,Thread Group 1-1,,true,412,1,1,0
1643759681841,4131,Request-4,204,No Content,Thread Group 1-1,,true,412,1,1,0
1643759685976,4143,Request-4,204,No Content,Thread Group 1-1,,true,412,1,1,0
1643759690124,4136,Request-4,204,No Content,Thread Group 1-1,,true,412,1,1,0
1643759694265,4150,Request-4,204,No Content,Thread Group 1-1,,true,412,1,1,0
1643759698419,4141,Request-4,204,No Content,Thread Group 1-1,,true,412,1,1,0
1643759702565,4136,Request-4,204,No Content,Thread Group 1-1,,true,412,1,1,0
1643759706705,4137,Request-4,204,No Content,Thread Group 1-1,,true,412,1,1,0
1643759710846,4136,Request-4,204,No Content,Thread Group 1-1,,true,412,1,1,0
1643759714987,4136,Request-4,204,No Content,Thread Group 1-1,,true,412,1,1,0
1643759719127,4134,Request-4,204,No Content,Thread Group 1-1,,true,412,1,1,0
1643759723266,4134,Request-4,204,No Content,Thread Group 1-1,,true,412,1,1,0
1643759727406,4125,Request-4,204,No Content,Thread Group 1-1,,true,412,1,1,0
1643759731535,4131,Request-4,204,No Content,Thread Group 1-1,,true,412,1,1,0
1643759735670,4138,Request-4,204,No Content,Thread Group 1-1,,true,412,1,1,0
1643759739812,4144,Request-4,204,No Content,Thread Group 1-1,,true,412,1,1,0
1643759743962,4137,Request-4,204,No Content,Thread Group 1-1,,true,412,1,1,0
1643759748104,4135,Request-4,204,No Content,Thread Group 1-1,,true,412,1,1,0
1643759752244,4137,Request-4,204,No Content,Thread Group 1-1,,true,412,1,1,0
1643759756385,4146,Request-4,204,No Content,Thread Group 1-1,,true,412,1,1,0
1643759760537,4136,Request-4,204,No Content,Thread Group 1-1,,true,412,1,1,0
1643759764678,4143,Request-4,204,No Content,Thread Group 1-1,,true,412,1,1,0
1643759768825,4137,Request-4,204,No Content,Thread Group 1-1,,true,412,1,1,0
1643759772968,4140,Request-4,204,No Content,Thread Group 1-1,,true,412,1,1,0
1643759777113,4143,Request-4,204,No Content,Thread Group 1-1,,true,412,1,1,0
1643759781262,4138,Request-4,204,No Content,Thread Group 1-1,,true,412,1,1,0
1643759785404,4135,Request-4,204,No Content,Thread Group 1-1,,true,412,1,1,0
1643759789544,4139,Request-4,204,No Content,Thread Group 1-1,,true,412,1,1,0
1643759793686,4132,Request-4,204,No Content,Thread Group 1-1,,true,412,1,1,0
1643759797823,4145,Request-4,204,No Content,Thread Group 1-1,,true,412,1,1,0
1643759801972,4139,Request-4,204,No Content,Thread Group 1-1,,true,412,1,1,0
1643759806116,4138,Request-4,204,No Content,Thread Group 1-1,,true,412,1,1,0
1643759810258,4141,Request-4,204,No Content,Thread Group 1-1,,true,412,1,1,0
1643759814403,4141,Request-4,204,No Content,Thread Group 1-1,,true,412,1,1,0
1643759818548,5138,Request-5,204,No Content,Thread Group 1-1,,true,412,1,1,0
1643759823691,5137,Request-5,204,No Content,Thread Group 1-1,,true,412,1,1,0
1643759828833,5147,Request-5,204,No Content,Thread Group 1-1,,true,412,1,1,0
1643759833985,5147,Request-5,204,No Content,Thread Group 1-1,,true,412,1,1,0
1643759839137,5140,Request-5,204,No Content,Thread Group 1-1,,true,412,1,1,0
1643759844283,5133,Request-5,204,No Content,Thread Group 1-1,,true,412,1,1,0
1643759849419,5138,Request-5,204,No Content,Thread Group 1-1,,true,412,1,1,0
1643759854562,5641,Request-5,204,No Content,Thread Group 1-1,,true,412,1,1,0
1643759860208,5138,Request-5,204,No Content,Thread Group 1-1,,true,412,1,1,0
1643759865349,5130,Request-5,204,No Content,Thread Group 1-1,,true,412,1,1,0
1643759870484,5141,Request-5,204,No Content,Thread Group 1-1,,true,412,1,1,0
1643759875630,5140,Request-5,204,No Content,Thread Group 1-1,,true,412,1,1,0
1643759880775,5146,Request-5,204,No Content,Thread Group 1-1,,true,412,1,1,0
1643759885925,5144,Request-5,204,No Content,Thread Group 1-1,,true,412,1,1,0
1643759891073,5148,Request-5,204,No Content,Thread Group 1-1,,true,412,1,1,0
1643759896224,5152,Request-5,204,No Content,Thread Group 1-1,,true,412,1,1,0
1643759901381,5150,Request-5,204,No Content,Thread Group 1-1,,true,412,1,1,0
1643759906535,5143,Request-5,204,No Content,Thread Group 1-1,,true,412,1,1,0
1643759911682,5136,Request-5,204,No Content,Thread Group 1-1,,true,412,1,1,0
1643759916825,5143,Request-5,204,No Content,Thread Group 1-1,,true,412,1,1,0
1643759921973,5136,Request-5,204,No Content,Thread Group 1-1,,true,412,1,1,0
1643759927113,5151,Request-5,204,No Content,Thread Group 1-1,,true,412,1,1,0
1643759932267,5136,Request-5,204,No Content,Thread Group 1-1,,true,412,1,1,0
1643759937408,5152,Request-5,204,No Content,Thread Group 1-1,,true,412,1,1,0
1643759942565,5140,Request-5,204,No Content,Thread Group 1-1,,true,412,1,1,0
1643759947710,5141,Request-5,204,No Content,Thread Group 1-1,,true,412,1,1,0
1643759952855,5144,Request-5,204,No Content,Thread Group 1-1,,true,412,1,1,0
1643759958003,5138,Request-5,204,No Content,Thread Group 1-1,,true,412,1,1,0
1643759963145,5139,Request-5,204,No Content,Thread Group 1-1,,true,412,1,1,0
1643759968287,5132,Request-5,204,No Content,Thread Group 1-1,,true,412,1,1,0
1643759973425,5134,Request-5,204,No Content,Thread Group 1-1,,true,412,1,1,0
1643759978563,5156,Request-5,204,No Content,Thread Group 1-1,,true,412,1,1,0
1643759983725,5138,Request-5,204,No Content,Thread Group 1-1,,true,412,1,1,0
1643759988868,5135,Request-5,204,No Content,Thread Group 1-1,,true,412,1,1,0
1643759994008,5144,Request-5,204,No Content,Thread Group 1-1,,true,412,1,1,0
1643759999156,5153,Request-5,204,No Content,Thread Group 1-1,,true,412,1,1,0
1643760004313,5139,Request-5,204,No Content,Thread Group 1-1,,true,412,1,1,0
1643760009457,5138,Request-5,204,No Content,Thread Group 1-1,,true,412,1,1,0
1643760014600,5135,Request-5,204,No Content,Thread Group 1-1,,true,412,1,1,0
1643760019739,5137,Request-5,204,No Content,Thread Group 1-1,,true,412,1,1,0
1643760024880,6139,Request-6,204,No Content,Thread Group 1-1,,true,412,1,1,0
1643760031024,6146,Request-6,204,No Content,Thread Group 1-1,,true,412,1,1,0
1643760037176,6141,Request-6,204,No Content,Thread Group 1-1,,true,412,1,1,0
1643760043323,6140,Request-6,204,No Content,Thread Group 1-1,,true,412,1,1,0
1643760049467,6140,Request-6,204,No Content,Thread Group 1-1,,true,412,1,1,0
1643760055612,6148,Request-6,204,No Content,Thread Group 1-1,,true,412,1,1,0
1643760061764,6144,Request-6,204,No Content,Thread Group 1-1,,true,412,1,1,0
1643760067912,6149,Request-6,204,No Content,Thread Group 1-1,,true,412,1,1,0
1643760074067,6146,Request-6,204,No Content,Thread Group 1-1,,true,412,1,1,0
1643760080217,6138,Request-6,204,No Content,Thread Group 1-1,,true,412,1,1,0
1643760086359,6155,Request-6,204,No Content,Thread Group 1-1,,true,412,1,1,0
1643760092519,6145,Request-6,204,No Content,Thread Group 1-1,,true,412,1,1,0
1643760098667,6146,Request-6,204,No Content,Thread Group 1-1,,true,412,1,1,0
1643760104818,6139,Request-6,204,No Content,Thread Group 1-1,,true,412,1,1,0
1643760110961,6142,Request-6,204,No Content,Thread Group 1-1,,true,412,1,1,0
1643760117108,6144,Request-6,204,No Content,Thread Group 1-1,,true,412,1,1,0
1643760123258,6144,Request-6,204,No Content,Thread Group 1-1,,true,412,1,1,0
1643760129406,6152,Request-6,204,No Content,Thread Group 1-1,,true,412,1,1,0
1643760135561,6142,Request-6,204,No Content,Thread Group 1-1,,true,412,1,1,0
1643760141707,6145,Request-6,204,No Content,Thread Group 1-1,,true,412,1,1,0
1643760147857,6144,Request-6,204,No Content,Thread Group 1-1,,true,412,1,1,0
1643760154005,6144,Request-6,204,No Content,Thread Group 1-1,,true,412,1,1,0
1643760160153,6146,Request-6,204,No Content,Thread Group 1-1,,true,412,1,1,0
1643760166303,6144,Request-6,204,No Content,Thread Group 1-1,,true,412,1,1,0
1643760172453,6141,Request-6,204,No Content,Thread Group 1-1,,true,412,1,1,0
1643760178598,6142,Request-6,204,No Content,Thread Group 1-1,,true,412,1,1,0
1643760184745,6153,Request-6,204,No Content,Thread Group 1-1,,true,412,1,1,0
1643760190903,6149,Request-6,204,No Content,Thread Group 1-1,,true,412,1,1,0
1643760197057,6132,Request-6,204,No Content,Thread Group 1-1,,true,412,1,1,0
1643760203193,6128,Request-6,204,No Content,Thread Group 1-1,,true,412,1,1,0
1643760209326,6145,Request-6,204,No Content,Thread Group 1-1,,true,412,1,1,0
1643760215476,6136,Request-6,204,No Content,Thread Group 1-1,,true,412,1,1,0
1643760221617,6138,Request-6,204,No Content,Thread Group 1-1,,true,412,1,1,0
1643760227759,6143,Request-6,204,No Content,Thread Group 1-1,,true,412,1,1,0
1643760233907,6138,Request-6,204,No Content,Thread Group 1-1,,true,412,1,1,0
1643760240051,6145,Request-6,204,No Content,Thread Group 1-1,,true,412,1,1,0
1643760246200,6146,Request-6,204,No Content,Thread Group 1-1,,true,412,1,1,0
1643760252350,6142,Request-6,204,No Content,Thread Group 1-1,,true,412,1,1,0
1643760258497,6143,Request-6,204,No Content,Thread Group 1-1,,true,412,1,1,0
1643760264644,6142,Request-6,204,No Content,Thread Group 1-1,,true,412,1,1,0
1643760270791,7141,Request-7,204,No Content,Thread Group 1-1,,true,412,1,1,0
1643760277937,7134,Request-7,204,No Content,Thread Group 1-1,,true,412,1,1,0
1643760285074,7155,Request-7,204,No Content,Thread Group 1-1,,true,412,1,1,0
1643760292232,7140,Request-7,204,No Content,Thread Group 1-1,,true,412,1,1,0
1643760299377,7133,Request-7,204,No Content,Thread Group 1-1,,true,412,1,1,0
1643760306514,7146,Request-7,204,No Content,Thread Group 1-1,,true,412,1,1,0
1643760313664,7144,Request-7,204,No Content,Thread Group 1-1,,true,412,1,1,0
1643760320813,7145,Request-7,204,No Content,Thread Group 1-1,,true,412,1,1,0
1643760327963,7156,Request-7,204,No Content,Thread Group 1-1,,true,412,1,1,0
1643760335124,7141,Request-7,204,No Content,Thread Group 1-1,,true,412,1,1,0
1643760342268,7145,Request-7,204,No Content,Thread Group 1-1,,true,412,1,1,0
1643760349417,7151,Request-7,204,No Content,Thread Group 1-1,,true,412,1,1,0
1643760356573,7139,Request-7,204,No Content,Thread Group 1-1,,true,412,1,1,0
1643760363718,7141,Request-7,204,No Content,Thread Group 1-1,,true,412,1,1,0
1643760370864,7147,Request-7,204,No Content,Thread Group 1-1,,true,412,1,1,0
1643760378018,7133,Request-7,204,No Content,Thread Group 1-1,,true,412,1,1,0
1643760385157,7151,Request-7,204,No Content,Thread Group 1-1,,true,412,1,1,0
1643760392311,7156,Request-7,204,No Content,Thread Group 1-1,,true,412,1,1,0
1643760399471,7143,Request-7,204,No Content,Thread Group 1-1,,true,412,1,1,0
1643760406619,7146,Request-7,204,No Content,Thread Group 1-1,,true,412,1,1,0
1643760413770,7140,Request-7,204,No Content,Thread Group 1-1,,true,412,1,1,0
1643760420915,7154,Request-7,204,No Content,Thread Group 1-1,,true,412,1,1,0
1643760428074,7137,Request-7,204,No Content,Thread Group 1-1,,true,412,1,1,0
1643760435215,7134,Request-7,204,No Content,Thread Group 1-1,,true,412,1,1,0
1643760442353,7140,Request-7,204,No Content,Thread Group 1-1,,true,412,1,1,0
1643760449497,7147,Request-7,204,No Content,Thread Group 1-1,,true,412,1,1,0
1643760456648,7140,Request-7,204,No Content,Thread Group 1-1,,true,412,1,1,0
1643760463794,7145,Request-7,204,No Content,Thread Group 1-1,,true,412,1,1,0
1643760470944,7143,Request-7,204,No Content,Thread Group 1-1,,true,412,1,1,0
1643760478091,7146,Request-7,204,No Content,Thread Group 1-1,,true,412,1,1,0
1643760485242,7137,Request-7,204,No Content,Thread Group 1-1,,true,412,1,1,0
1643760492385,7158,Request-7,204,No Content,Thread Group 1-1,,true,412,1,1,0
1643760499547,7143,Request-7,204,No Content,Thread Group 1-1,,true,412,1,1,0
1643760506694,7418,Request-7,204,No Content,Thread Group 1-1,,true,412,1,1,0
1643760514118,7143,Request-7,204,No Content,Thread Group 1-1,,true,412,1,1,0
1643760521264,7147,Request-7,204,No Content,Thread Group 1-1,,true,412,1,1,0
1643760528415,7132,Request-7,204,No Content,Thread Group 1-1,,true,412,1,1,0
1643760535552,7137,Request-7,204,No Content,Thread Group 1-1,,true,412,1,1,0
1643760542691,7142,Request-7,204,No Content,Thread Group 1-1,,true,412,1,1,0
1643760549838,7147,Request-7,204,No Content,Thread Group 1-1,,true,412,1,1,0
1643760556989,8141,Request-8,204,No Content,Thread Group 1-1,,true,412,1,1,0
1643760565136,8135,Request-8,204,No Content,Thread Group 1-1,,true,412,1,1,0
1643760573277,8137,Request-8,204,No Content,Thread Group 1-1,,true,412,1,1,0
1643760581419,8147,Request-8,204,No Content,Thread Group 1-1,,true,412,1,1,0
1643760589571,8155,Request-8,204,No Content,Thread Group 1-1,,true,412,1,1,0
1643760597729,8149,Request-8,204,No Content,Thread Group 1-1,,true,412,1,1,0
1643760605883,8158,Request-8,204,No Content,Thread Group 1-1,,true,412,1,1,0
1643760614046,8150,Request-8,204,No Content,Thread Group 1-1,,true,412,1,1,0
1643760622200,8152,Request-8,204,No Content,Thread Group 1-1,,true,412,1,1,0
1643760630356,8163,Request-8,204,No Content,Thread Group 1-1,,true,412,1,1,0
1643760638524,8149,Request-8,204,No Content,Thread Group 1-1,,true,412,1,1,0
1643760646678,8141,Request-8,204,No Content,Thread Group 1-1,,true,412,1,1,0
1643760654825,8146,Request-8,204,No Content,Thread Group 1-1,,true,412,1,1,0
1643760662975,8152,Request-8,204,No Content,Thread Group 1-1,,true,412,1,1,0
1643760671132,8152,Request-8,204,No Content,Thread Group 1-1,,true,412,1,1,0
1643760679289,8139,Request-8,204,No Content,Thread Group 1-1,,true,412,1,1,0
1643760687433,8144,Request-8,204,No Content,Thread Group 1-1,,true,412,1,1,0
1643760695582,8156,Request-8,204,No Content,Thread Group 1-1,,true,412,1,1,0
1643760703742,8143,Request-8,204,No Content,Thread Group 1-1,,true,412,1,1,0
1643760711889,8144,Request-8,204,No Content,Thread Group 1-1,,true,412,1,1,0
1643760720037,8149,Request-8,204,No Content,Thread Group 1-1,,true,412,1,1,0
1643760728191,8151,Request-8,204,No Content,Thread Group 1-1,,true,412,1,1,0
1643760736346,8150,Request-8,204,No Content,Thread Group 1-1,,true,412,1,1,0
1643760744500,8149,Request-8,204,No Content,Thread Group 1-1,,true,412,1,1,0
1643760752653,8148,Request-8,204,No Content,Thread Group 1-1,,true,412,1,1,0
1643760760807,8146,Request-8,204,No Content,Thread Group 1-1,,true,412,1,1,0
1643760768957,8153,Request-8,204,No Content,Thread Group 1-1,,true,412,1,1,0
1643760777115,8159,Request-8,204,No Content,Thread Group 1-1,,true,412,1,1,0
1643760785278,8142,Request-8,204,No Content,Thread Group 1-1,,true,412,1,1,0
1643760793426,8152,Request-8,204,No Content,Thread Group 1-1,,true,412,1,1,0
1643760801583,8146,Request-8,204,No Content,Thread Group 1-1,,true,412,1,1,0
1643760809733,8151,Request-8,204,No Content,Thread Group 1-1,,true,412,1,1,0
1643760817888,8142,Request-8,204,No Content,Thread Group 1-1,,true,412,1,1,0
1643760826035,8155,Request-8,204,No Content,Thread Group 1-1,,true,412,1,1,0
1643760834193,8145,Request-8,204,No Content,Thread Group 1-1,,true,412,1,1,0
1643760842343,8148,Request-8,204,No Content,Thread Group 1-1,,true,412,1,1,0
1643760850495,8141,Request-8,204,No Content,Thread Group 1-1,,true,412,1,1,0
1643760858640,8147,Request-8,204,No Content,Thread Group 1-1,,true,412,1,1,0
1643760866791,8147,Request-8,204,No Content,Thread Group 1-1,,true,412,1,1,0
1643760874943,8619,Request-8,204,No Content,Thread Group 1-1,,true,412,1,1,0
1643760883567,9156,Request-9,204,No Content,Thread Group 1-1,,true,412,1,1,0
1643760892728,9167,Request-9,204,No Content,Thread Group 1-1,,true,412,1,1,0
1643760901899,9146,Request-9,204,No Content,Thread Group 1-1,,true,412,1,1,0
1643760911050,9148,Request-9,204,No Content,Thread Group 1-1,,true,412,1,1,0
1643760920201,9162,Request-9,204,No Content,Thread Group 1-1,,true,412,1,1,0
1643760929369,9157,Request-9,204,No Content,Thread Group 1-1,,true,412,1,1,0
1643760938529,9143,Request-9,204,No Content,Thread Group 1-1,,true,412,1,1,0
1643760947676,9149,Request-9,204,No Content,Thread Group 1-1,,true,412,1,1,0
1643760956831,9142,Request-9,204,No Content,Thread Group 1-1,,true,412,1,1,0
1643760965978,9144,Request-9,204,No Content,Thread Group 1-1,,true,412,1,1,0
1643760975126,9145,Request-9,204,No Content,Thread Group 1-1,,true,412,1,1,0
1643760984273,9149,Request-9,204,No Content,Thread Group 1-1,,true,412,1,1,0
1643760993426,9154,Request-9,204,No Content,Thread Group 1-1,,true,412,1,1,0
1643761002585,9142,Request-9,204,No Content,Thread Group 1-1,,true,412,1,1,0
1643761011731,9165,Request-9,204,No Content,Thread Group 1-1,,true,412,1,1,0
1643761020900,9141,Request-9,204,No Content,Thread Group 1-1,,true,412,1,1,0
1643761030046,9166,Request-9,204,No Content,Thread Group 1-1,,true,412,1,1,0
1643761039215,9156,Request-9,204,No Content,Thread Group 1-1,,true,412,1,1,0
1643761048375,9146,Request-9,204,No Content,Thread Group 1-1,,true,412,1,1,0
1643761057526,9161,Request-9,204,No Content,Thread Group 1-1,,true,412,1,1,0
1643761066691,9143,Request-9,204,No Content,Thread Group 1-1,,true,412,1,1,0
1643761075838,9152,Request-9,204,No Content,Thread Group 1-1,,true,412,1,1,0
1643761084996,9154,Request-9,204,No Content,Thread Group 1-1,,true,412,1,1,0
1643761094153,9145,Request-9,204,No Content,Thread Group 1-1,,true,412,1,1,0
1643761103303,9152,Request-9,204,No Content,Thread Group 1-1,,true,412,1,1,0
1643761112460,9152,Request-9,204,No Content,Thread Group 1-1,,true,412,1,1,0
1643761121618,9159,Request-9,204,No Content,Thread Group 1-1,,true,412,1,1,0
1643761130781,9146,Request-9,204,No Content,Thread Group 1-1,,true,412,1,1,0
1643761139932,9144,Request-9,204,No Content,Thread Group 1-1,,true,412,1,1,0
1643761149080,9149,Request-9,204,No Content,Thread Group 1-1,,true,412,1,1,0
1643761158234,9156,Request-9,204,No Content,Thread Group 1-1,,true,412,1,1,0
1643761167394,9149,Request-9,204,No Content,Thread Group 1-1,,true,412,1,1,0
1643761176547,9148,Request-9,204,No Content,Thread Group 1-1,,true,412,1,1,0
1643761185699,9147,Request-9,204,No Content,Thread Group 1-1,,true,412,1,1,0
1643761194852,9167,Request-9,204,No Content,Thread Group 1-1,,true,412,1,1,0
1643761204023,9144,Request-9,204,No Content,Thread Group 1-1,,true,412,1,1,0
1643761213171,9150,Request-9,204,No Content,Thread Group 1-1,,true,412,1,1,0
1643761222323,9159,Request-9,204,No Content,Thread Group 1-1,,true,412,1,1,0
1643761231487,9150,Request-9,204,No Content,Thread Group 1-1,,true,412,1,1,0
1643761240642,9153,Request-9,204,No Content,Thread Group 1-1,,true,412,1,1,0
1643761249800,10156,Request-10,204,No Content,Thread Group 1-1,,true,412,1,1,0
1643761259961,10158,Request-10,204,No Content,Thread Group 1-1,,true,412,1,1,0
1643761270123,10160,Request-10,204,No Content,Thread Group 1-1,,true,412,1,1,0
1643761280289,10147,Request-10,204,No Content,Thread Group 1-1,,true,412,1,1,0
1643761290440,10161,Request-10,204,No Content,Thread Group 1-1,,true,412,1,1,0
1643761300606,10153,Request-10,204,No Content,Thread Group 1-1,,true,412,1,1,0
1643761310763,10156,Request-10,204,No Content,Thread Group 1-1,,true,412,1,1,0
1643761320924,10150,Request-10,204,No Content,Thread Group 1-1,,true,412,1,1,0
1643761331078,10149,Request-10,204,No Content,Thread Group 1-1,,true,412,1,1,0
1643761341231,10153,Request-10,204,No Content,Thread Group 1-1,,true,412,1,1,0
1643761351387,10152,Request-10,204,No Content,Thread Group 1-1,,true,412,1,1,0
1643761361544,10145,Request-10,204,No Content,Thread Group 1-1,,true,412,1,1,0
1643761371694,10150,Request-10,204,No Content,Thread Group 1-1,,true,412,1,1,0
1643761381848,10166,Request-10,204,No Content,Thread Group 1-1,,true,412,1,1,0
1643761392017,10155,Request-10,204,No Content,Thread Group 1-1,,true,412,1,1,0
1643761402177,10150,Request-10,204,No Content,Thread Group 1-1,,true,412,1,1,0
1643761412331,10165,Request-10,204,No Content,Thread Group 1-1,,true,412,1,1,0
1643761422501,10156,Request-10,204,No Content,Thread Group 1-1,,true,412,1,1,0
1643761432661,10154,Request-10,204,No Content,Thread Group 1-1,,true,412,1,1,0
1643761442818,10160,Request-10,204,No Content,Thread Group 1-1,,true,412,1,1,0
1643761452983,10151,Request-10,204,No Content,Thread Group 1-1,,true,412,1,1,0
1643761463139,10146,Request-10,204,No Content,Thread Group 1-1,,true,412,1,1,0
1643761473289,10157,Request-10,204,No Content,Thread Group 1-1,,true,412,1,1,0
1643761483449,10154,Request-10,204,No Content,Thread Group 1-1,,true,412,1,1,0
1643761493608,10149,Request-10,204,No Content,Thread Group 1-1,,true,412,1,1,0
1643761503760,10164,Request-10,204,No Content,Thread Group 1-1,,true,412,1,1,0
1643761513928,10153,Request-10,204,No Content,Thread Group 1-1,,true,412,1,1,0
1643761524085,10424,Request-10,204,No Content,Thread Group 1-1,,true,412,1,1,0
1643761534513,10170,Request-10,204,No Content,Thread Group 1-1,,true,412,1,1,0
1643761544689,10147,Request-10,204,No Content,Thread Group 1-1,,true,412,1,1,0
1643761554841,10144,Request-10,204,No Content,Thread Group 1-1,,true,412,1,1,0
1643761564989,10162,Request-10,204,No Content,Thread Group 1-1,,true,412,1,1,0
1643761575154,10161,Request-10,204,No Content,Thread Group 1-1,,true,412,1,1,0
1643761585320,10162,Request-10,204,No Content,Thread Group 1-1,,true,412,1,1,0
1643761595487,10158,Request-10,204,No Content,Thread Group 1-1,,true,412,1,1,0
1643761605650,10136,Request-10,204,No Content,Thread Group 1-1,,true,412,1,1,0
1643761615790,10142,Request-10,204,No Content,Thread Group 1-1,,true,412,1,1,0
1643761625939,10150,Request-10,204,No Content,Thread Group 1-1,,true,412,1,1,0
1643761636094,10144,Request-10,204,No Content,Thread Group 1-1,,true,412,1,1,0
1643761646242,10151,Request-10,204,No Content,Thread Group 1-1,,true,412,1,1,0
