1643703318791,372,Request-1,204,No Content,Thread Group 1-1,,true,412,1,1,0
1643703319166,895,Request-1,204,No Content,Thread Group 1-1,,true,412,1,1,0
1643703320063,302,Request-1,204,No Content,Thread Group 1-1,,true,412,1,1,0
1643703320367,338,Request-1,204,No Content,Thread Group 1-1,,true,412,1,1,0
1643703320707,321,Request-1,204,No Content,Thread Group 1-1,,true,412,1,1,0
1643703321031,301,Request-1,204,No Content,Thread Group 1-1,,true,412,1,1,0
1643703321335,316,Request-1,204,No Content,Thread Group 1-1,,true,412,1,1,0
1643703321655,299,Request-1,204,No Content,Thread Group 1-1,,true,412,1,1,0
1643703321958,301,Request-1,204,No Content,Thread Group 1-1,,true,412,1,1,0
1643703322262,297,Request-1,204,No Content,Thread Group 1-1,,true,412,1,1,0
1643703322562,292,Request-1,204,No Content,Thread Group 1-1,,true,412,1,1,0
1643703322858,306,Request-1,204,No Content,Thread Group 1-1,,true,412,1,1,0
1643703323168,308,Request-1,204,No Content,Thread Group 1-1,,true,412,1,1,0
1643703323479,318,Request-1,204,No Content,Thread Group 1-1,,true,412,1,1,0
1643703323801,304,Request-1,204,No Content,Thread Group 1-1,,true,412,1,1,0
1643703324107,297,Request-1,204,No Content,Thread Group 1-1,,true,412,1,1,0
1643703324408,322,Request-1,204,No Content,Thread Group 1-1,,true,412,1,1,0
1643703324734,299,Request-1,204,No Content,Thread Group 1-1,,true,412,1,1,0
1643703325037,295,Request-1,204,No Content,Thread Group 1-1,,true,412,1,1,0
1643703325335,289,Request-1,204,No Content,Thread Group 1-1,,true,412,1,1,0
1643703325628,316,Request-1,204,No Content,Thread Group 1-1,,true,412,1,1,0
1643703325949,303,Request-1,204,No Content,Thread Group 1-1,,true,412,1,1,0
1643703326257,313,Request-1,204,No Content,Thread Group 1-1,,true,412,1,1,0
1643703326574,300,Request-1,204,No Content,Thread Group 1-1,,true,412,1,1,0
1643703326878,319,Request-1,204,No Content,Thread Group 1-1,,true,412,1,1,0
1643703327203,314,Request-1,204,No Content,Thread Group 1-1,,true,412,1,1,0
1643703327521,312,Request-1,204,No Content,Thread Group 1-1,,true,412,1,1,0
1643703327839,301,Request-1,204,No Content,Thread Group 1-1,,true,412,1,1,0
1643703328146,289,Request-1,204,No Content,Thread Group 1-1,,true,412,1,1,0
1643703328440,313,Request-1,204,No Content,Thread Group 1-1,,true,412,1,1,0
1643703328758,320,Request-1,204,No Content,Thread Group 1-1,,true,412,1,1,0
1643703329082,310,Request-1,204,No Content,Thread Group 1-1,,true,412,1,1,0
1643703329397,316,Request-1,204,No Content,Thread Group 1-1,,true,412,1,1,0
1643703329719,311,Request-1,204,No Content,Thread Group 1-1,,true,412,1,1,0
1643703330035,297,Request-1,204,No Content,Thread Group 1-1,,true,412,1,1,0
1643703330337,298,Request-1,204,No Content,Thread Group 1-1,,true,412,1,1,0
1643703330641,297,Request-1,204,No Content,Thread Group 1-1,,true,412,1,1,0
1643703330943,309,Request-1,204,No Content,Thread Group 1-1,,true,412,1,1,0
1643703331257,304,Request-1,204,No Content,Thread Group 1-1,,true,412,1,1,0
1643703331567,298,Request-1,204,No Content,Thread Group 1-1,,true,412,1,1,0
1643703331872,1524,Request-2,204,No Content,Thread Group 1-1,,true,412,1,1,0
1643703333403,1518,Request-2,204,No Content,Thread Group 1-1,,true,412,1,1,0
1643703334928,1532,Request-2,204,No Content,Thread Group 1-1,,true,412,1,1,0
1643703336465,1524,Request-2,204,No Content,Thread Group 1-1,,true,412,1,1,0
1643703337994,1514,Request-2,204,No Content,Thread Group 1-1,,true,412,1,1,0
1643703339514,1522,Request-2,204,No Content,Thread Group 1-1,,true,412,1,1,0
1643703341043,1514,Request-2,204,No Content,Thread Group 1-1,,true,412,1,1,0
1643703342565,1522,Request-2,204,No Content,Thread Group 1-1,,true,412,1,1,0
1643703344092,1514,Request-2,204,No Content,Thread Group 1-1,,true,412,1,1,0
1643703345612,1528,Request-2,204,No Content,Thread Group 1-1,,true,412,1,1,0
1643703347147,1508,Request-2,204,No Content,Thread Group 1-1,,true,412,1,1,0
1643703348660,1533,Request-2,204,No Content,Thread Group 1-1,,true,412,1,1,0
1643703350197,1544,Request-2,204,No Content,Thread Group 1-1,,true,412,1,1,0
1643703351748,1478,Request-2,204,No Content,Thread Group 1-1,,true,412,1,1,0
1643703353233,1531,Request-2,204,No Content,Thread Group 1-1,,true,412,1,1,0
1643703354770,1526,Request-2,204,No Content,Thread Group 1-1,,true,412,1,1,0
1643703356300,1536,Request-2,204,No Content,Thread Group 1-1,,true,412,1,1,0
1643703357841,1487,Request-2,204,No Content,Thread Group 1-1,,true,412,1,1,0
1643703359332,1532,Request-2,204,No Content,Thread Group 1-1,,true,412,1,1,0
1643703360870,1514,Request-2,204,No Content,Thread Group 1-1,,true,412,1,1,0
1643703362390,1507,Request-2,204,No Content,Thread Group 1-1,,true,412,1,1,0
1643703363903,1503,Request-2,204,No Content,Thread Group 1-1,,true,412,1,1,0
1643703365412,1513,Request-2,204,No Content,Thread Group 1-1,,true,412,1,1,0
1643703366932,1512,Request-2,204,No Content,Thread Group 1-1,,true,412,1,1,0
1643703368450,1503,Request-2,204,No Content,Thread Group 1-1,,true,412,1,1,0
1643703369959,1505,Request-2,204,No Content,Thread Group 1-1,,true,412,1,1,0
1643703371472,1501,Request-2,204,No Content,Thread Group 1-1,,true,412,1,1,0
1643703372979,1573,Request-2,204,No Content,Thread Group 1-1,,true,412,1,1,0
1643703374559,2037,Request-2,204,No Content,Thread Group 1-1,,true,412,1,1,0
1643703376601,1497,Request-2,204,No Content,Thread Group 1-1,,true,412,1,1,0
1643703378105,1500,Request-2,204,No Content,Thread Group 1-1,,true,412,1,1,0
1643703379613,1491,Request-2,204,No Content,Thread Group 1-1,,true,412,1,1,0
1643703381110,1490,Request-2,204,No Content,Thread Group 1-1,,true,412,1,1,0
1643703382607,1560,Request-2,204,No Content,Thread Group 1-1,,true,412,1,1,0
1643703384175,1507,Request-2,204,No Content,Thread Group 1-1,,true,412,1,1,0
1643703385688,1546,Request-2,204,No Content,Thread Group 1-1,,true,412,1,1,0
1643703387241,1465,Request-2,204,No Content,Thread Group 1-1,,true,412,1,1,0
1643703388712,1537,Request-2,204,No Content,Thread Group 1-1,,true,412,1,1,0
1643703390255,1554,Request-2,204,No Content,Thread Group 1-1,,true,412,1,1,0
1643703391816,1497,Request-2,204,No Content,Thread Group 1-1,,true,412,1,1,0
1643703393320,3065,Request-3,204,No Content,Thread Group 1-1,,true,412,1,1,0
1643703396392,3016,Request-3,204,No Content,Thread Group 1-1,,true,412,1,1,0
1643703399414,3071,Request-3,204,No Content,Thread Group 1-1,,true,412,1,1,0
1643703402490,3089,Request-3,204,No Content,Thread Group 1-1,,true,412,1,1,0
1643703405585,3082,Request-3,204,No Content,Thread Group 1-1,,true,412,1,1,0
1643703408674,3020,Request-3,204,No Content,Thread Group 1-1,,true,412,1,1,0
1643703411701,3023,Request-3,204,No Content,Thread Group 1-1,,true,412,1,1,0
1643703414730,2996,Request-3,204,No Content,Thread Group 1-1,,true,412,1,1,0
1643703417732,3038,Request-3,204,No Content,Thread Group 1-1,,true,412,1,1,0
1643703420777,3060,Request-3,204,No Content,Thread Group 1-1,,true,412,1,1,0
1643703423842,3064,Request-3,204,No Content,Thread Group 1-1,,true,412,1,1,0
1643703426911,3075,Request-3,204,No Content,Thread Group 1-1,,true,412,1,1,0
1643703429992,3024,Request-3,204,No Content,Thread Group 1-1,,true,412,1,1,0
1643703433022,3062,Request-3,204,No Content,Thread Group 1-1,,true,412,1,1,0
1643703436089,3048,Request-3,204,No Content,Thread Group 1-1,,true,412,1,1,0
1643703439143,3053,Request-3,204,No Content,Thread Group 1-1,,true,412,1,1,0
1643703442202,2980,Request-3,204,No Content,Thread Group 1-1,,true,412,1,1,0
1643703445191,3022,Request-3,204,No Content,Thread Group 1-1,,true,412,1,1,0
1643703448218,3020,Request-3,204,No Content,Thread Group 1-1,,true,412,1,1,0
1643703451244,3033,Request-3,204,No Content,Thread Group 1-1,,true,412,1,1,0
1643703454283,2994,Request-3,204,No Content,Thread Group 1-1,,true,412,1,1,0
1643703457284,3040,Request-3,204,No Content,Thread Group 1-1,,true,412,1,1,0
1643703460331,3014,Request-3,204,No Content,Thread Group 1-1,,true,412,1,1,0
1643703463349,3005,Request-3,204,No Content,Thread Group 1-1,,true,412,1,1,0
1643703466360,3069,Request-3,204,No Content,Thread Group 1-1,,true,412,1,1,0
1643703469435,3048,Request-3,204,No Content,Thread Group 1-1,,true,412,1,1,0
1643703472489,3024,Request-3,204,No Content,Thread Group 1-1,,true,412,1,1,0
1643703475521,2956,Request-3,204,No Content,Thread Group 1-1,,true,412,1,1,0
1643703478485,2969,Request-3,204,No Content,Thread Group 1-1,,true,412,1,1,0
1643703481464,3000,Request-3,204,No Content,Thread Group 1-1,,true,412,1,1,0
1643703484471,3009,Request-3,204,No Content,Thread Group 1-1,,true,412,1,1,0
1643703487486,2994,Request-3,204,No Content,Thread Group 1-1,,true,412,1,1,0
1643703490486,2985,Request-3,204,No Content,Thread Group 1-1,,true,412,1,1,0
1643703493478,3593,Request-3,204,No Content,Thread Group 1-1,,true,412,1,1,0
1643703497076,2978,Request-3,204,No Content,Thread Group 1-1,,true,412,1,1,0
1643703500061,2990,Request-3,204,No Content,Thread Group 1-1,,true,412,1,1,0
1643703503057,3034,Request-3,204,No Content,Thread Group 1-1,,true,412,1,1,0
1643703506099,3083,Request-3,204,No Content,Thread Group 1-1,,true,412,1,1,0
1643703509188,3050,Request-3,204,No Content,Thread Group 1-1,,true,412,1,1,0
1643703512244,3006,Request-3,204,No Content,Thread Group 1-1,,true,412,1,1,0
1643703515257,4452,Request-4,204,No Content,Thread Group 1-1,,true,412,1,1,0
1643703519716,4567,Request-4,204,No Content,Thread Group 1-1,,true,412,1,1,0
1643703524289,4533,Request-4,204,No Content,Thread Group 1-1,,true,412,1,1,0
1643703528826,4494,Request-4,204,No Content,Thread Group 1-1,,true,412,1,1,0
1643703533327,4458,Request-4,204,No Content,Thread Group 1-1,,true,412,1,1,0
1643703537792,4646,Request-4,204,No Content,Thread Group 1-1,,true,412,1,1,0
1643703542445,4515,Request-4,204,No Content,Thread Group 1-1,,true,412,1,1,0
1643703546966,4531,Request-4,204,No Content,Thread Group 1-1,,true,412,1,1,0
1643703551504,5111,Request-4,204,No Content,Thread Group 1-1,,true,412,1,1,0
1643703556622,4570,Request-4,204,No Content,Thread Group 1-1,,true,412,1,1,0
1643703561200,4530,Request-4,204,No Content,Thread Group 1-1,,true,412,1,1,0
1643703565736,4525,Request-4,204,No Content,Thread Group 1-1,,true,412,1,1,0
1643703570266,4577,Request-4,204,No Content,Thread Group 1-1,,true,412,1,1,0
1643703574850,4535,Request-4,204,No Content,Thread Group 1-1,,true,412,1,1,0
1643703579392,4535,Request-4,204,No Content,Thread Group 1-1,,true,412,1,1,0
1643703583931,4565,Request-4,204,No Content,Thread Group 1-1,,true,412,1,1,0
1643703588501,4568,Request-4,204,No Content,Thread Group 1-1,,true,412,1,1,0
1643703593074,4553,Request-4,204,No Content,Thread Group 1-1,,true,412,1,1,0
1643703597633,4597,Request-4,204,No Content,Thread Group 1-1,,true,412,1,1,0
1643703602236,4581,Request-4,204,No Content,Thread Group 1-1,,true,412,1,1,0
1643703606824,4476,Request-4,204,No Content,Thread Group 1-1,,true,412,1,1,0
1643703611307,4546,Request-4,204,No Content,Thread Group 1-1,,true,412,1,1,0
1643703615860,5115,Request-4,204,No Content,Thread Group 1-1,,true,412,1,1,0
1643703620982,4578,Request-4,204,No Content,Thread Group 1-1,,true,412,1,1,0
1643703625567,4601,Request-4,204,No Content,Thread Group 1-1,,true,412,1,1,0
1643703630174,4550,Request-4,204,No Content,Thread Group 1-1,,true,412,1,1,0
1643703634731,4521,Request-4,204,No Content,Thread Group 1-1,,true,412,1,1,0
1643703639259,4546,Request-4,204,No Content,Thread Group 1-1,,true,412,1,1,0
1643703643812,4601,Request-4,204,No Content,Thread Group 1-1,,true,412,1,1,0
1643703648420,4555,Request-4,204,No Content,Thread Group 1-1,,true,412,1,1,0
1643703652981,4537,Request-4,204,No Content,Thread Group 1-1,,true,412,1,1,0
1643703657527,4586,Request-4,204,No Content,Thread Group 1-1,,true,412,1,1,0
1643703662120,4527,Request-4,204,No Content,Thread Group 1-1,,true,412,1,1,0
1643703666654,4577,Request-4,204,No Content,Thread Group 1-1,,true,412,1,1,0
1643703671238,4665,Request-4,204,No Content,Thread Group 1-1,,true,412,1,1,0
1643703675910,5060,Request-4,204,No Content,Thread Group 1-1,,true,412,1,1,0
1643703680975,4568,Request-4,204,No Content,Thread Group 1-1,,true,412,1,1,0
1643703685548,4530,Request-4,204,No Content,Thread Group 1-1,,true,412,1,1,0
1643703690086,4518,Request-4,204,No Content,Thread Group 1-1,,true,412,1,1,0
1643703694612,4579,Request-4,204,No Content,Thread Group 1-1,,true,412,1,1,0
1643703699198,6059,Request-5,204,No Content,Thread Group 1-1,,true,412,1,1,0
1643703705264,6012,Request-5,204,No Content,Thread Group 1-1,,true,412,1,1,0
1643703711285,6053,Request-5,204,No Content,Thread Group 1-1,,true,412,1,1,0
1643703717345,6097,Request-5,204,No Content,Thread Group 1-1,,true,412,1,1,0
1643703723449,6066,Request-5,204,No Content,Thread Group 1-1,,true,412,1,1,0
1643703729523,6091,Request-5,204,No Content,Thread Group 1-1,,true,412,1,1,0
1643703735621,6604,Request-5,204,No Content,Thread Group 1-1,,true,412,1,1,0
1643703742234,6111,Request-5,204,No Content,Thread Group 1-1,,true,412,1,1,0
1643703748353,6134,Request-5,204,No Content,Thread Group 1-1,,true,412,1,1,0
1643703754491,5988,Request-5,204,No Content,Thread Group 1-1,,true,412,1,1,0
1643703760485,6089,Request-5,204,No Content,Thread Group 1-1,,true,412,1,1,0
1643703766582,6070,Request-5,204,No Content,Thread Group 1-1,,true,412,1,1,0
1643703772660,6042,Request-5,204,No Content,Thread Group 1-1,,true,412,1,1,0
1643703778712,6054,Request-5,204,No Content,Thread Group 1-1,,true,412,1,1,0
1643703784770,6103,Request-5,204,No Content,Thread Group 1-1,,true,412,1,1,0
1643703790881,6740,Request-5,204,No Content,Thread Group 1-1,,true,412,1,1,0
1643703797629,5965,Request-5,204,No Content,Thread Group 1-1,,true,412,1,1,0
1643703803601,6105,Request-5,204,No Content,Thread Group 1-1,,true,412,1,1,0
1643703809713,6083,Request-5,204,No Content,Thread Group 1-1,,true,412,1,1,0
1643703815801,6081,Request-5,204,No Content,Thread Group 1-1,,true,412,1,1,0
1643703821888,6087,Request-5,204,No Content,Thread Group 1-1,,true,412,1,1,0
1643703827982,6117,Request-5,204,No Content,Thread Group 1-1,,true,412,1,1,0
1643703834107,6140,Request-5,204,No Content,Thread Group 1-1,,true,412,1,1,0
1643703840254,6019,Request-5,204,No Content,Thread Group 1-1,,true,412,1,1,0
1643703846280,6123,Request-5,204,No Content,Thread Group 1-1,,true,412,1,1,0
1643703852410,6719,Request-5,204,No Content,Thread Group 1-1,,true,412,1,1,0
1643703859137,5982,Request-5,204,No Content,Thread Group 1-1,,true,412,1,1,0
1643703865126,6096,Request-5,204,No Content,Thread Group 1-1,,true,412,1,1,0
1643703871229,6035,Request-5,204,No Content,Thread Group 1-1,,true,412,1,1,0
1643703877272,6068,Request-5,204,No Content,Thread Group 1-1,,true,412,1,1,0
1643703883347,5989,Request-5,204,No Content,Thread Group 1-1,,true,412,1,1,0
1643703889343,6046,Request-5,204,No Content,Thread Group 1-1,,true,412,1,1,0
1643703895396,6151,Request-5,204,No Content,Thread Group 1-1,,true,412,1,1,0
1643703901555,6050,Request-5,204,No Content,Thread Group 1-1,,true,412,1,1,0
1643703907612,6104,Request-5,204,No Content,Thread Group 1-1,,true,412,1,1,0
1643703913722,6694,Request-5,204,No Content,Thread Group 1-1,,true,412,1,1,0
1643703920423,6076,Request-5,204,No Content,Thread Group 1-1,,true,412,1,1,0
1643703926505,6218,Request-5,204,No Content,Thread Group 1-1,,true,412,1,1,0
1643703932730,6446,Request-5,204,No Content,Thread Group 1-1,,true,412,1,1,0
1643703939183,6465,Request-5,204,No Content,Thread Group 1-1,,true,412,1,1,0
1643703945654,8050,Request-6,204,No Content,Thread Group 1-1,,true,412,1,1,0
1643703953718,8044,Request-6,204,No Content,Thread Group 1-1,,true,412,1,1,0
1643703961769,8009,Request-6,204,No Content,Thread Group 1-1,,true,412,1,1,0
1643703969784,8627,Request-6,204,No Content,Thread Group 1-1,,true,412,1,1,0
1643703978417,8038,Request-6,204,No Content,Thread Group 1-1,,true,412,1,1,0
1643703986462,8043,Request-6,204,No Content,Thread Group 1-1,,true,412,1,1,0
1643703994512,7779,Request-6,204,No Content,Thread Group 1-1,,true,412,1,1,0
1643704002296,7578,Request-6,204,No Content,Thread Group 1-1,,true,412,1,1,0
1643704009880,7654,Request-6,204,No Content,Thread Group 1-1,,true,412,1,1,0
1643704017541,7570,Request-6,204,No Content,Thread Group 1-1,,true,412,1,1,0
1643704025118,7637,Request-6,204,No Content,Thread Group 1-1,,true,412,1,1,0
1643704032761,8072,Request-6,204,No Content,Thread Group 1-1,,true,412,1,1,0
1643704040840,7565,Request-6,204,No Content,Thread Group 1-1,,true,412,1,1,0
1643704048412,7524,Request-6,204,No Content,Thread Group 1-1,,true,412,1,1,0
1643704055943,7586,Request-6,204,No Content,Thread Group 1-1,,true,412,1,1,0
1643704063536,7615,Request-6,204,No Content,Thread Group 1-1,,true,412,1,1,0
1643704071158,7531,Request-6,204,No Content,Thread Group 1-1,,true,412,1,1,0
1643704078696,7625,Request-6,204,No Content,Thread Group 1-1,,true,412,1,1,0
1643704086327,7562,Request-6,204,No Content,Thread Group 1-1,,true,412,1,1,0
1643704093896,8156,Request-6,204,No Content,Thread Group 1-1,,true,412,1,1,0
1643704102060,7580,Request-6,204,No Content,Thread Group 1-1,,true,412,1,1,0
1643704109647,7624,Request-6,204,No Content,Thread Group 1-1,,true,412,1,1,0
1643704117278,7668,Request-6,204,No Content,Thread Group 1-1,,true,412,1,1,0
1643704124952,7581,Request-6,204,No Content,Thread Group 1-1,,true,412,1,1,0
1643704132540,7583,Request-6,204,No Content,Thread Group 1-1,,true,412,1,1,0
1643704140131,7631,Request-6,204,No Content,Thread Group 1-1,,true,412,1,1,0
1643704147769,7584,Request-6,204,No Content,Thread Group 1-1,,true,412,1,1,0
1643704155359,8043,Request-6,204,No Content,Thread Group 1-1,,true,412,1,1,0
1643704163406,7624,Request-6,204,No Content,Thread Group 1-1,,true,412,1,1,0
1643704171036,7592,Request-6,204,No Content,Thread Group 1-1,,true,412,1,1,0
1643704178635,7687,Request-6,204,No Content,Thread Group 1-1,,true,412,1,1,0
1643704186327,7645,Request-6,204,No Content,Thread Group 1-1,,true,412,1,1,0
1643704193977,7639,Request-6,204,No Content,Thread Group 1-1,,true,412,1,1,0
1643704201624,7528,Request-6,204,No Content,Thread Group 1-1,,true,412,1,1,0
1643704209159,8171,Request-6,204,No Content,Thread Group 1-1,,true,412,1,1,0
1643704217337,7604,Request-6,204,No Content,Thread Group 1-1,,true,412,1,1,0
1643704224950,7602,Request-6,204,No Content,Thread Group 1-1,,true,412,1,1,0
1643704232559,7637,Request-6,204,No Content,Thread Group 1-1,,true,412,1,1,0
1643704240204,7601,Request-6,204,No Content,Thread Group 1-1,,true,412,1,1,0
1643704247813,7505,Request-6,204,No Content,Thread Group 1-1,,true,412,1,1,0
1643704255323,9144,Request-7,204,No Content,Thread Group 1-1,,true,412,1,1,0
1643704264473,9471,Request-7,204,No Content,Thread Group 1-1,,true,412,1,1,0
1643704273952,10054,Request-7,204,No Content,Thread Group 1-1,,true,412,1,1,0
1643704284012,9464,Request-7,204,No Content,Thread Group 1-1,,true,412,1,1,0
1643704293484,9124,Request-7,204,No Content,Thread Group 1-1,,true,412,1,1,0
1643704302615,9051,Request-7,204,No Content,Thread Group 1-1,,true,412,1,1,0
1643704311672,9023,Request-7,204,No Content,Thread Group 1-1,,true,412,1,1,0
1643704320702,9060,Request-7,204,No Content,Thread Group 1-1,,true,412,1,1,0
1643704329769,9063,Request-7,204,No Content,Thread Group 1-1,,true,412,1,1,0
1643704338841,9158,Request-7,204,No Content,Thread Group 1-1,,true,412,1,1,0
1643704348004,9134,Request-7,204,No Content,Thread Group 1-1,,true,412,1,1,0
1643704357144,9066,Request-7,204,No Content,Thread Group 1-1,,true,412,1,1,0
1643704366217,9125,Request-7,204,No Content,Thread Group 1-1,,true,412,1,1,0
1643704375348,9065,Request-7,204,No Content,Thread Group 1-1,,true,412,1,1,0
1643704384421,9117,Request-7,204,No Content,Thread Group 1-1,,true,412,1,1,0
1643704393547,9733,Request-7,204,No Content,Thread Group 1-1,,true,412,1,1,0
1643704403288,9053,Request-7,204,No Content,Thread Group 1-1,,true,412,1,1,0
1643704412348,9131,Request-7,204,No Content,Thread Group 1-1,,true,412,1,1,0
1643704421485,9413,Request-7,204,No Content,Thread Group 1-1,,true,412,1,1,0
1643704430905,9552,Request-7,204,No Content,Thread Group 1-1,,true,412,1,1,0
1643704440464,9633,Request-7,204,No Content,Thread Group 1-1,,true,412,1,1,0
1643704450103,10290,Request-7,204,No Content,Thread Group 1-1,,true,412,1,1,0
1643704460399,9761,Request-7,204,No Content,Thread Group 1-1,,true,412,1,1,0
1643704470167,9576,Request-7,204,No Content,Thread Group 1-1,,true,412,1,1,0
1643704479748,9283,Request-7,204,No Content,Thread Group 1-1,,true,412,1,1,0
1643704489038,9040,Request-7,204,No Content,Thread Group 1-1,,true,412,1,1,0
1643704498086,9066,Request-7,204,No Content,Thread Group 1-1,,true,412,1,1,0
1643704507157,9727,Request-7,204,No Content,Thread Group 1-1,,true,412,1,1,0
1643704516889,9052,Request-7,204,No Content,Thread Group 1-1,,true,412,1,1,0
1643704525950,9110,Request-7,204,No Content,Thread Group 1-1,,true,412,1,1,0
1643704535068,9111,Request-7,204,No Content,Thread Group 1-1,,true,412,1,1,0
1643704544189,9058,Request-7,204,No Content,Thread Group 1-1,,true,412,1,1,0
1643704553255,9155,Request-7,204,No Content,Thread Group 1-1,,true,412,1,1,0
1643704562418,9005,Request-7,204,No Content,Thread Group 1-1,,true,412,1,1,0
1643704571430,9046,Request-7,204,No Content,Thread Group 1-1,,true,412,1,1,0
1643704580485,9071,Request-7,204,No Content,Thread Group 1-1,,true,412,1,1,0
1643704589563,9029,Request-7,204,No Content,Thread Group 1-1,,true,412,1,1,0
1643704598599,8994,Request-7,204,No Content,Thread Group 1-1,,true,412,1,1,0
1643704607601,9071,Request-7,204,No Content,Thread Group 1-1,,true,412,1,1,0
1643704616680,8997,Request-7,204,No Content,Thread Group 1-1,,true,412,1,1,0
1643704625683,11155,Request-8,204,No Content,Thread Group 1-1,,true,412,1,1,0
1643704636847,10661,Request-8,204,No Content,Thread Group 1-1,,true,412,1,1,0
1643704647516,10609,Request-8,204,No Content,Thread Group 1-1,,true,412,1,1,0
1643704658133,10554,Request-8,204,No Content,Thread Group 1-1,,true,412,1,1,0
1643704668693,10574,Request-8,204,No Content,Thread Group 1-1,,true,412,1,1,0
1643704679273,10591,Request-8,204,No Content,Thread Group 1-1,,true,412,1,1,0
1643704689871,11030,Request-8,204,No Content,Thread Group 1-1,,true,412,1,1,0
1643704700908,10514,Request-8,204,No Content,Thread Group 1-1,,true,412,1,1,0
1643704711432,10560,Request-8,204,No Content,Thread Group 1-1,,true,412,1,1,0
1643704721998,10468,Request-8,204,No Content,Thread Group 1-1,,true,412,1,1,0
1643704732473,10596,Request-8,204,No Content,Thread Group 1-1,,true,412,1,1,0
1643704743077,10507,Request-8,204,No Content,Thread Group 1-1,,true,412,1,1,0
1643704753590,11127,Request-8,204,No Content,Thread Group 1-1,,true,412,1,1,0
1643704764723,10637,Request-8,204,No Content,Thread Group 1-1,,true,412,1,1,0
1643704775372,10608,Request-8,204,No Content,Thread Group 1-1,,true,412,1,1,0
1643704785988,10706,Request-8,204,No Content,Thread Group 1-1,,true,412,1,1,0
1643704796700,10669,Request-8,204,No Content,Thread Group 1-1,,true,412,1,1,0
1643704807376,11165,Request-8,204,No Content,Thread Group 1-1,,true,412,1,1,0
1643704818545,10597,Request-8,204,No Content,Thread Group 1-1,,true,412,1,1,0
1643704829151,10530,Request-8,204,No Content,Thread Group 1-1,,true,412,1,1,0
1643704839687,10608,Request-8,204,No Content,Thread Group 1-1,,true,412,1,1,0
1643704850301,10559,Request-8,204,No Content,Thread Group 1-1,,true,412,1,1,0
1643704860867,10618,Request-8,204,No Content,Thread Group 1-1,,true,412,1,1,0
1643704871492,11310,Request-8,204,No Content,Thread Group 1-1,,true,412,1,1,0
1643704882809,10723,Request-8,204,No Content,Thread Group 1-1,,true,412,1,1,0
1643704893540,10645,Request-8,204,No Content,Thread Group 1-1,,true,412,1,1,0
1643704904192,10609,Request-8,204,No Content,Thread Group 1-1,,true,412,1,1,0
1643704914809,10718,Request-8,204,No Content,Thread Group 1-1,,true,412,1,1,0
1643704925534,10740,Request-8,204,No Content,Thread Group 1-1,,true,412,1,1,0
1643704936279,11169,Request-8,204,No Content,Thread Group 1-1,,true,412,1,1,0
1643704947455,10562,Request-8,204,No Content,Thread Group 1-1,,true,412,1,1,0
1643704958025,10609,Request-8,204,No Content,Thread Group 1-1,,true,412,1,1,0
1643704968640,10645,Request-8,204,No Content,Thread Group 1-1,,true,412,1,1,0
1643704979293,10606,Request-8,204,No Content,Thread Group 1-1,,true,412,1,1,0
1643704989906,11201,Request-8,204,No Content,Thread Group 1-1,,true,412,1,1,0
1643705001111,10628,Request-8,204,No Content,Thread Group 1-1,,true,412,1,1,0
1643705011746,10601,Request-8,204,No Content,Thread Group 1-1,,true,412,1,1,0
1643705022355,10606,Request-8,204,No Content,Thread Group 1-1,,true,412,1,1,0
1643705032967,10674,Request-8,204,No Content,Thread Group 1-1,,true,412,1,1,0
1643705043648,10719,Request-8,204,No Content,Thread Group 1-1,,true,412,1,1,0
1643705054374,12854,Request-9,204,No Content,Thread Group 1-1,,true,412,1,1,0
1643705067234,12099,Request-9,204,No Content,Thread Group 1-1,,true,412,1,1,0
1643705079341,12120,Request-9,204,No Content,Thread Group 1-1,,true,412,1,1,0
1643705091467,12131,Request-9,204,No Content,Thread Group 1-1,,true,412,1,1,0
1643705103602,12228,Request-9,204,No Content,Thread Group 1-1,,true,412,1,1,0
1643705115837,13229,Request-9,204,No Content,Thread Group 1-1,,true,412,1,1,0
1643705129071,13119,Request-9,204,No Content,Thread Group 1-1,,true,412,1,1,0
1643705142197,13066,Request-9,204,No Content,Thread Group 1-1,,true,412,1,1,0
1643705155270,13117,Request-9,204,No Content,Thread Group 1-1,,true,412,1,1,0
1643705168394,13716,Request-9,204,No Content,Thread Group 1-1,,true,412,1,1,0
1643705182117,13102,Request-9,204,No Content,Thread Group 1-1,,true,412,1,1,0
1643705195223,13144,Request-9,204,No Content,Thread Group 1-1,,true,412,1,1,0
1643705208375,13154,Request-9,204,No Content,Thread Group 1-1,,true,412,1,1,0
1643705221535,13058,Request-9,204,No Content,Thread Group 1-1,,true,412,1,1,0
1643705234600,13598,Request-9,204,No Content,Thread Group 1-1,,true,412,1,1,0
1643705248204,12727,Request-9,204,No Content,Thread Group 1-1,,true,412,1,1,0
1643705260938,12106,Request-9,204,No Content,Thread Group 1-1,,true,412,1,1,0
1643705273050,12261,Request-9,204,No Content,Thread Group 1-1,,true,412,1,1,0
1643705285319,12656,Request-9,204,No Content,Thread Group 1-1,,true,412,1,1,0
1643705297980,12035,Request-9,204,No Content,Thread Group 1-1,,true,412,1,1,0
1643705310021,12180,Request-9,204,No Content,Thread Group 1-1,,true,412,1,1,0
1643705322206,12137,Request-9,204,No Content,Thread Group 1-1,,true,412,1,1,0
1643705334351,12120,Request-9,204,No Content,Thread Group 1-1,,true,412,1,1,0
1643705346479,12786,Request-9,204,No Content,Thread Group 1-1,,true,412,1,1,0
1643705359272,12261,Request-9,204,No Content,Thread Group 1-1,,true,412,1,1,0
1643705371540,12611,Request-9,204,No Content,Thread Group 1-1,,true,412,1,1,0
1643705384157,12598,Request-9,204,No Content,Thread Group 1-1,,true,412,1,1,0
1643705396764,12583,Request-9,204,No Content,Thread Group 1-1,,true,412,1,1,0
1643705409354,12963,Request-9,204,No Content,Thread Group 1-1,,true,412,1,1,0
1643705422326,13020,Request-9,204,No Content,Thread Group 1-1,,true,412,1,1,0
1643705435352,13049,Request-9,204,No Content,Thread Group 1-1,,true,412,1,1,0
1643705448410,13088,Request-9,204,No Content,Thread Group 1-1,,true,412,1,1,0
1643705461507,13237,Request-9,204,No Content,Thread Group 1-1,,true,412,1,1,0
1643705474750,13735,Request-9,204,No Content,Thread Group 1-1,,true,412,1,1,0
1643705488493,13192,Request-9,204,No Content,Thread Group 1-1,,true,412,1,1,0
1643705501691,13155,Request-9,204,No Content,Thread Group 1-1,,true,412,1,1,0
1643705514854,13323,Request-9,204,No Content,Thread Group 1-1,,true,412,1,1,0
1643705528184,13768,Request-9,204,No Content,Thread Group 1-1,,true,412,1,1,0
1643705541957,13157,Request-9,204,No Content,Thread Group 1-1,,true,412,1,1,0
1643705555120,12929,Request-9,204,No Content,Thread Group 1-1,,true,412,1,1,0
1643705568054,14509,Request-10,204,No Content,Thread Group 1-1,,true,412,1,1,0
1643705582571,15006,Request-10,204,No Content,Thread Group 1-1,,true,412,1,1,0
1643705597583,14442,Request-10,204,No Content,Thread Group 1-1,,true,412,1,1,0
1643705612032,14507,Request-10,204,No Content,Thread Group 1-1,,true,412,1,1,0
1643705626547,14408,Request-10,204,No Content,Thread Group 1-1,,true,412,1,1,0
1643705640962,14435,Request-10,204,No Content,Thread Group 1-1,,true,412,1,1,0
1643705655403,15063,Request-10,204,No Content,Thread Group 1-1,,true,412,1,1,0
1643705670474,14435,Request-10,204,No Content,Thread Group 1-1,,true,412,1,1,0
1643705684917,14605,Request-10,204,No Content,Thread Group 1-1,,true,412,1,1,0
1643705699529,14728,Request-10,204,No Content,Thread Group 1-1,,true,412,1,1,0
1643705714262,15223,Request-10,204,No Content,Thread Group 1-1,,true,412,1,1,0
1643705729493,14657,Request-10,204,No Content,Thread Group 1-1,,true,412,1,1,0
1643705744158,14923,Request-10,204,No Content,Thread Group 1-1,,true,412,1,1,0
1643705759086,14775,Request-10,204,No Content,Thread Group 1-1,,true,412,1,1,0
1643705773867,15414,Request-10,204,No Content,Thread Group 1-1,,true,412,1,1,0
1643705789288,14824,Request-10,204,No Content,Thread Group 1-1,,true,412,1,1,0
1643705804119,14786,Request-10,204,No Content,Thread Group 1-1,,true,412,1,1,0
1643705818912,14758,Request-10,204,No Content,Thread Group 1-1,,true,412,1,1,0
1643705833675,15266,Request-10,204,No Content,Thread Group 1-1,,true,412,1,1,0
1643705848949,13880,Request-10,204,No Content,Thread Group 1-1,,true,412,1,1,0
1643705862836,13609,Request-10,204,No Content,Thread Group 1-1,,true,412,1,1,0
1643705876453,13641,Request-10,204,No Content,Thread Group 1-1,,true,412,1,1,0
1643705890100,14206,Request-10,204,No Content,Thread Group 1-1,,true,412,1,1,0
1643705904313,13504,Request-10,204,No Content,Thread Group 1-1,,true,412,1,1,0
1643705917823,13593,Request-10,204,No Content,Thread Group 1-1,,true,412,1,1,0
1643705931423,13582,Request-10,204,No Content,Thread Group 1-1,,true,412,1,1,0
1643705945012,14154,Request-10,204,No Content,Thread Group 1-1,,true,412,1,1,0
1643705959173,13709,Request-10,204,No Content,Thread Group 1-1,,true,412,1,1,0
1643705972892,13562,Request-10,204,No Content,Thread Group 1-1,,true,412,1,1,0
1643705986461,13629,Request-10,204,No Content,Thread Group 1-1,,true,412,1,1,0
1643706000095,13485,Request-10,204,No Content,Thread Group 1-1,,true,412,1,1,0
1643706013587,14079,Request-10,204,No Content,Thread Group 1-1,,true,412,1,1,0
1643706027675,13561,Request-10,204,No Content,Thread Group 1-1,,true,412,1,1,0
1643706041243,13657,Request-10,204,No Content,Thread Group 1-1,,true,412,1,1,0
1643706054907,13549,Request-10,204,No Content,Thread Group 1-1,,true,412,1,1,0
1643706068462,14196,Request-10,204,No Content,Thread Group 1-1,,true,412,1,1,0
1643706082666,13520,Request-10,204,No Content,Thread Group 1-1,,true,412,1,1,0
1643706096192,13578,Request-10,204,No Content,Thread Group 1-1,,true,412,1,1,0
1643706109776,13520,Request-10,204,No Content,Thread Group 1-1,,true,412,1,1,0
1643706123302,14171,Request-10,204,No Content,Thread Group 1-1,,true,412,1,1,0
1643706137479,15157,Request-11,204,No Content,Thread Group 1-1,,true,412,1,1,0
1643706152643,15026,Request-11,204,No Content,Thread Group 1-1,,true,412,1,1,0
1643706167676,14909,Request-11,204,No Content,Thread Group 1-1,,true,412,1,1,0
1643706182592,15565,Request-11,204,No Content,Thread Group 1-1,,true,412,1,1,0
1643706198163,15045,Request-11,204,No Content,Thread Group 1-1,,true,412,1,1,0
1643706213216,15029,Request-11,204,No Content,Thread Group 1-1,,true,412,1,1,0
1643706228252,15165,Request-11,204,No Content,Thread Group 1-1,,true,412,1,1,0
1643706243422,16464,Request-11,204,No Content,Thread Group 1-1,,true,412,1,1,0
1643706259893,16161,Request-11,204,No Content,Thread Group 1-1,,true,412,1,1,0
1643706276061,15301,Request-11,204,No Content,Thread Group 1-1,,true,412,1,1,0
1643706291370,15050,Request-11,204,No Content,Thread Group 1-1,,true,412,1,1,0
1643706306424,15759,Request-11,204,No Content,Thread Group 1-1,,true,412,1,1,0
1643706322189,15008,Request-11,204,No Content,Thread Group 1-1,,true,412,1,1,0
1643706337204,14902,Request-11,204,No Content,Thread Group 1-1,,true,412,1,1,0
1643706352113,15033,Request-11,204,No Content,Thread Group 1-1,,true,412,1,1,0
1643706367153,15589,Request-11,204,No Content,Thread Group 1-1,,true,412,1,1,0
1643706382748,15156,Request-11,204,No Content,Thread Group 1-1,,true,412,1,1,0
1643706397913,14964,Request-11,204,No Content,Thread Group 1-1,,true,412,1,1,0
1643706412884,15031,Request-11,204,No Content,Thread Group 1-1,,true,412,1,1,0
1643706427921,15439,Request-11,204,No Content,Thread Group 1-1,,true,412,1,1,0
1643706443367,15748,Request-11,204,No Content,Thread Group 1-1,,true,412,1,1,0
1643706459122,15877,Request-11,204,No Content,Thread Group 1-1,,true,412,1,1,0
1643706475007,16030,Request-11,204,No Content,Thread Group 1-1,,true,412,1,1,0
1643706491043,16879,Request-11,204,No Content,Thread Group 1-1,,true,412,1,1,0
1643706507930,16326,Request-11,204,No Content,Thread Group 1-1,,true,412,1,1,0
1643706524262,16358,Request-11,204,No Content,Thread Group 1-1,,true,412,1,1,0
1643706540626,16903,Request-11,204,No Content,Thread Group 1-1,,true,412,1,1,0
1643706557535,16581,Request-11,204,No Content,Thread Group 1-1,,true,412,1,1,0
1643706574121,16288,Request-11,204,No Content,Thread Group 1-1,,true,412,1,1,0
1643706590416,16393,Request-11,204,No Content,Thread Group 1-1,,true,412,1,1,0
1643706606815,16323,Request-11,204,No Content,Thread Group 1-1,,true,412,1,1,0
1643706623144,16622,Request-11,204,No Content,Thread Group 1-1,,true,412,1,1,0
1643706639774,16541,Request-11,204,No Content,Thread Group 1-1,,true,412,1,1,0
1643706656321,16641,Request-11,204,No Content,Thread Group 1-1,,true,412,1,1,0
1643706672968,17012,Request-11,204,No Content,Thread Group 1-1,,true,412,1,1,0
1643706689987,16149,Request-11,204,No Content,Thread Group 1-1,,true,412,1,1,0
1643706706144,16033,Request-11,204,No Content,Thread Group 1-1,,true,412,1,1,0
1643706722186,16794,Request-11,204,No Content,Thread Group 1-1,,true,412,1,1,0
1643706738987,15981,Request-11,204,No Content,Thread Group 1-1,,true,412,1,1,0
1643706754975,15410,Request-11,204,No Content,Thread Group 1-1,,true,412,1,1,0
